Commit 1 on Sat Sep 14 16:10:58 UTC 2024
Commit 2 on Sat Sep 14 16:10:58 UTC 2024
Commit 1 on Sun Sep 15 02:17:28 UTC 2024
Commit 2 on Sun Sep 15 02:17:28 UTC 2024
Commit 3 on Sun Sep 15 02:17:28 UTC 2024
Commit 1 on Mon Sep 16 02:17:00 UTC 2024
Commit 1 on Tue Sep 17 01:47:07 UTC 2024
Commit 1 on Wed Sep 18 02:09:01 UTC 2024
Commit 2 on Wed Sep 18 02:09:01 UTC 2024
Commit 3 on Wed Sep 18 02:09:01 UTC 2024
Commit 4 on Wed Sep 18 02:09:01 UTC 2024
Commit 5 on Wed Sep 18 02:09:01 UTC 2024
Commit 1 on Thu Sep 19 02:10:59 UTC 2024
Commit 1 on Fri Sep 20 02:11:03 UTC 2024
Commit 2 on Fri Sep 20 02:11:03 UTC 2024
Commit 3 on Fri Sep 20 02:11:03 UTC 2024
Commit 4 on Fri Sep 20 02:11:03 UTC 2024
Commit 1 on Sat Sep 21 02:08:40 UTC 2024
Commit 2 on Sat Sep 21 02:08:40 UTC 2024
Commit 3 on Sat Sep 21 02:08:40 UTC 2024
Commit 4 on Sat Sep 21 02:08:40 UTC 2024
Commit 5 on Sat Sep 21 02:08:40 UTC 2024
Commit 1 on Sun Sep 22 02:18:10 UTC 2024
Commit 2 on Sun Sep 22 02:18:10 UTC 2024
Commit 3 on Sun Sep 22 02:18:10 UTC 2024
Commit 1 on Mon Sep 23 02:13:55 UTC 2024
Commit 1 on Tue Sep 24 02:14:27 UTC 2024
Commit 2 on Tue Sep 24 02:14:27 UTC 2024
Commit 1 on Wed Sep 25 02:15:17 UTC 2024
Commit 2 on Wed Sep 25 02:15:17 UTC 2024
Commit 1 on Thu Sep 26 02:13:19 UTC 2024
Commit 2 on Thu Sep 26 02:13:19 UTC 2024
Commit 3 on Thu Sep 26 02:13:19 UTC 2024
Commit 4 on Thu Sep 26 02:13:19 UTC 2024
Commit 1 on Fri Sep 27 02:14:13 UTC 2024
Commit 2 on Fri Sep 27 02:14:13 UTC 2024
Commit 3 on Fri Sep 27 02:14:13 UTC 2024
Commit 4 on Fri Sep 27 02:14:13 UTC 2024
Commit 5 on Fri Sep 27 02:14:13 UTC 2024
Commit 1 on Sat Sep 28 02:12:22 UTC 2024
Commit 2 on Sat Sep 28 02:12:22 UTC 2024
Commit 3 on Sat Sep 28 02:12:22 UTC 2024
Commit 1 on Sun Sep 29 02:19:51 UTC 2024
Commit 2 on Sun Sep 29 02:19:51 UTC 2024
Commit 3 on Sun Sep 29 02:19:51 UTC 2024
Commit 1 on Mon Sep 30 02:19:02 UTC 2024
Commit 1 on Tue Oct  1 02:22:27 UTC 2024
Commit 2 on Tue Oct  1 02:22:27 UTC 2024
Commit 3 on Tue Oct  1 02:22:27 UTC 2024
Commit 4 on Tue Oct  1 02:22:27 UTC 2024
Commit 5 on Tue Oct  1 02:22:27 UTC 2024
Commit 1 on Wed Oct  2 02:13:35 UTC 2024
Commit 2 on Wed Oct  2 02:13:35 UTC 2024
Commit 3 on Wed Oct  2 02:13:35 UTC 2024
Commit 4 on Wed Oct  2 02:13:35 UTC 2024
Commit 5 on Wed Oct  2 02:13:35 UTC 2024
Commit 1 on Thu Oct  3 02:14:21 UTC 2024
Commit 2 on Thu Oct  3 02:14:21 UTC 2024
Commit 3 on Thu Oct  3 02:14:21 UTC 2024
Commit 4 on Thu Oct  3 02:14:21 UTC 2024
Commit 1 on Fri Oct  4 02:14:20 UTC 2024
Commit 2 on Fri Oct  4 02:14:20 UTC 2024
Commit 3 on Fri Oct  4 02:14:20 UTC 2024
Commit 1 on Sat Oct  5 02:12:16 UTC 2024
Commit 2 on Sat Oct  5 02:12:16 UTC 2024
Commit 3 on Sat Oct  5 02:12:16 UTC 2024
Commit 1 on Sun Oct  6 02:19:31 UTC 2024
Commit 2 on Sun Oct  6 02:19:31 UTC 2024
Commit 3 on Sun Oct  6 02:19:31 UTC 2024
Commit 1 on Mon Oct  7 02:16:59 UTC 2024
Commit 2 on Mon Oct  7 02:16:59 UTC 2024
Commit 1 on Tue Oct  8 02:16:27 UTC 2024
Commit 2 on Tue Oct  8 02:16:27 UTC 2024
Commit 1 on Wed Oct  9 02:13:27 UTC 2024
Commit 2 on Wed Oct  9 02:13:27 UTC 2024
Commit 3 on Wed Oct  9 02:13:27 UTC 2024
Commit 4 on Wed Oct  9 02:13:27 UTC 2024
Commit 1 on Thu Oct 10 02:13:56 UTC 2024
Commit 2 on Thu Oct 10 02:13:56 UTC 2024
Commit 1 on Fri Oct 11 02:13:16 UTC 2024
Commit 2 on Fri Oct 11 02:13:16 UTC 2024
Commit 3 on Fri Oct 11 02:13:16 UTC 2024
Commit 4 on Fri Oct 11 02:13:16 UTC 2024
Commit 1 on Sat Oct 12 02:10:48 UTC 2024
Commit 2 on Sat Oct 12 02:10:48 UTC 2024
Commit 3 on Sat Oct 12 02:10:48 UTC 2024
Commit 1 on Sun Oct 13 02:18:39 UTC 2024
Commit 1 on Mon Oct 14 02:16:45 UTC 2024
Commit 2 on Mon Oct 14 02:16:45 UTC 2024
Commit 3 on Mon Oct 14 02:16:45 UTC 2024
Commit 4 on Mon Oct 14 02:16:45 UTC 2024
Commit 5 on Mon Oct 14 02:16:45 UTC 2024
Commit 1 on Tue Oct 15 02:15:41 UTC 2024
Commit 1 on Wed Oct 16 02:16:19 UTC 2024
Commit 1 on Thu Oct 17 02:14:16 UTC 2024
Commit 2 on Thu Oct 17 02:14:16 UTC 2024
Commit 3 on Thu Oct 17 02:14:16 UTC 2024
Commit 1 on Fri Oct 18 02:15:05 UTC 2024
Commit 1 on Sat Oct 19 02:12:33 UTC 2024
Commit 2 on Sat Oct 19 02:12:33 UTC 2024
Commit 3 on Sat Oct 19 02:12:33 UTC 2024
Commit 4 on Sat Oct 19 02:12:33 UTC 2024
Commit 1 on Sun Oct 20 02:21:01 UTC 2024
Commit 2 on Sun Oct 20 02:21:01 UTC 2024
Commit 3 on Sun Oct 20 02:21:01 UTC 2024
Commit 4 on Sun Oct 20 02:21:01 UTC 2024
Commit 1 on Mon Oct 21 02:17:05 UTC 2024
Commit 2 on Mon Oct 21 02:17:05 UTC 2024
Commit 3 on Mon Oct 21 02:17:05 UTC 2024
Commit 1 on Tue Oct 22 02:15:19 UTC 2024
Commit 2 on Tue Oct 22 02:15:19 UTC 2024
Commit 3 on Tue Oct 22 02:15:19 UTC 2024
Commit 1 on Wed Oct 23 02:14:02 UTC 2024
Commit 1 on Thu Oct 24 02:14:10 UTC 2024
Commit 2 on Thu Oct 24 02:14:10 UTC 2024
Commit 3 on Thu Oct 24 02:14:10 UTC 2024
Commit 4 on Thu Oct 24 02:14:10 UTC 2024
Commit 1 on Fri Oct 25 02:15:39 UTC 2024
Commit 2 on Fri Oct 25 02:15:39 UTC 2024
Commit 3 on Fri Oct 25 02:15:39 UTC 2024
Commit 4 on Fri Oct 25 02:15:39 UTC 2024
Commit 5 on Fri Oct 25 02:15:39 UTC 2024
Commit 1 on Sat Oct 26 02:11:08 UTC 2024
Commit 2 on Sat Oct 26 02:11:08 UTC 2024
Commit 1 on Sun Oct 27 02:20:24 UTC 2024
Commit 2 on Sun Oct 27 02:20:24 UTC 2024
Commit 3 on Sun Oct 27 02:20:24 UTC 2024
Commit 4 on Sun Oct 27 02:20:24 UTC 2024
Commit 1 on Mon Oct 28 02:18:49 UTC 2024
Commit 2 on Mon Oct 28 02:18:49 UTC 2024
Commit 3 on Mon Oct 28 02:18:49 UTC 2024
Commit 4 on Mon Oct 28 02:18:49 UTC 2024
Commit 5 on Mon Oct 28 02:18:49 UTC 2024
Commit 1 on Tue Oct 29 02:16:12 UTC 2024
Commit 2 on Tue Oct 29 02:16:12 UTC 2024
Commit 3 on Tue Oct 29 02:16:12 UTC 2024
Commit 4 on Tue Oct 29 02:16:12 UTC 2024
Commit 5 on Tue Oct 29 02:16:12 UTC 2024
Commit 1 on Wed Oct 30 02:15:29 UTC 2024
Commit 2 on Wed Oct 30 02:15:29 UTC 2024
Commit 3 on Wed Oct 30 02:15:29 UTC 2024
Commit 1 on Thu Oct 31 02:16:26 UTC 2024
Commit 2 on Thu Oct 31 02:16:26 UTC 2024
Commit 1 on Fri Nov  1 02:22:14 UTC 2024
Commit 2 on Fri Nov  1 02:22:14 UTC 2024
Commit 3 on Fri Nov  1 02:22:14 UTC 2024
Commit 1 on Sat Nov  2 02:12:17 UTC 2024
Commit 2 on Sat Nov  2 02:12:17 UTC 2024
Commit 3 on Sat Nov  2 02:12:17 UTC 2024
Commit 1 on Sun Nov  3 02:19:42 UTC 2024
Commit 2 on Sun Nov  3 02:19:42 UTC 2024
Commit 3 on Sun Nov  3 02:19:42 UTC 2024
Commit 4 on Sun Nov  3 02:19:42 UTC 2024
Commit 5 on Sun Nov  3 02:19:42 UTC 2024
Commit 1 on Mon Nov  4 02:17:49 UTC 2024
Commit 2 on Mon Nov  4 02:17:49 UTC 2024
Commit 3 on Mon Nov  4 02:17:49 UTC 2024
Commit 4 on Mon Nov  4 02:17:49 UTC 2024
Commit 5 on Mon Nov  4 02:17:49 UTC 2024
Commit 1 on Tue Nov  5 02:12:16 UTC 2024
Commit 2 on Tue Nov  5 02:12:16 UTC 2024
Commit 3 on Tue Nov  5 02:12:16 UTC 2024
Commit 4 on Tue Nov  5 02:12:16 UTC 2024
Commit 1 on Wed Nov  6 02:11:31 UTC 2024
Commit 2 on Wed Nov  6 02:11:31 UTC 2024
Commit 3 on Wed Nov  6 02:11:31 UTC 2024
Commit 4 on Wed Nov  6 02:11:31 UTC 2024
Commit 1 on Thu Nov  7 02:12:32 UTC 2024
Commit 1 on Fri Nov  8 02:12:44 UTC 2024
Commit 2 on Fri Nov  8 02:12:44 UTC 2024
Commit 3 on Fri Nov  8 02:12:44 UTC 2024
Commit 4 on Fri Nov  8 02:12:44 UTC 2024
Commit 5 on Fri Nov  8 02:12:44 UTC 2024
Commit 1 on Sat Nov  9 02:08:19 UTC 2024
Commit 2 on Sat Nov  9 02:08:19 UTC 2024
Commit 3 on Sat Nov  9 02:08:19 UTC 2024
Commit 4 on Sat Nov  9 02:08:19 UTC 2024
Commit 5 on Sat Nov  9 02:08:19 UTC 2024
Commit 1 on Sun Nov 10 02:15:59 UTC 2024
Commit 2 on Sun Nov 10 02:15:59 UTC 2024
Commit 3 on Sun Nov 10 02:15:59 UTC 2024
Commit 4 on Sun Nov 10 02:15:59 UTC 2024
Commit 1 on Mon Nov 11 02:14:03 UTC 2024
Commit 2 on Mon Nov 11 02:14:03 UTC 2024
Commit 3 on Mon Nov 11 02:14:03 UTC 2024
Commit 4 on Mon Nov 11 02:14:03 UTC 2024
Commit 1 on Tue Nov 12 02:10:40 UTC 2024
Commit 2 on Tue Nov 12 02:10:40 UTC 2024
Commit 3 on Tue Nov 12 02:10:40 UTC 2024
Commit 4 on Tue Nov 12 02:10:40 UTC 2024
Commit 1 on Wed Nov 13 02:13:04 UTC 2024
Commit 2 on Wed Nov 13 02:13:04 UTC 2024
Commit 3 on Wed Nov 13 02:13:04 UTC 2024
Commit 4 on Wed Nov 13 02:13:04 UTC 2024
Commit 1 on Thu Nov 14 02:13:25 UTC 2024
Commit 2 on Thu Nov 14 02:13:25 UTC 2024
Commit 1 on Fri Nov 15 02:20:10 UTC 2024
Commit 2 on Fri Nov 15 02:20:10 UTC 2024
Commit 3 on Fri Nov 15 02:20:10 UTC 2024
Commit 4 on Fri Nov 15 02:20:10 UTC 2024
Commit 1 on Sat Nov 16 02:17:21 UTC 2024
Commit 2 on Sat Nov 16 02:17:21 UTC 2024
Commit 3 on Sat Nov 16 02:17:21 UTC 2024
Commit 4 on Sat Nov 16 02:17:21 UTC 2024
Commit 1 on Sun Nov 17 02:23:26 UTC 2024
Commit 1 on Mon Nov 18 02:22:05 UTC 2024
Commit 1 on Tue Nov 19 02:19:52 UTC 2024
Commit 1 on Wed Nov 20 02:19:03 UTC 2024
Commit 2 on Wed Nov 20 02:19:03 UTC 2024
Commit 3 on Wed Nov 20 02:19:03 UTC 2024
Commit 1 on Thu Nov 21 02:18:57 UTC 2024
Commit 2 on Thu Nov 21 02:18:57 UTC 2024
Commit 3 on Thu Nov 21 02:18:57 UTC 2024
Commit 1 on Fri Nov 22 02:20:02 UTC 2024
Commit 2 on Fri Nov 22 02:20:02 UTC 2024
Commit 1 on Sat Nov 23 02:15:40 UTC 2024
Commit 2 on Sat Nov 23 02:15:40 UTC 2024
Commit 1 on Sun Nov 24 02:24:39 UTC 2024
Commit 2 on Sun Nov 24 02:24:39 UTC 2024
Commit 1 on Mon Nov 25 02:21:55 UTC 2024
Commit 2 on Mon Nov 25 02:21:55 UTC 2024
Commit 3 on Mon Nov 25 02:21:55 UTC 2024
Commit 1 on Tue Nov 26 02:20:51 UTC 2024
Commit 2 on Tue Nov 26 02:20:51 UTC 2024
Commit 1 on Wed Nov 27 02:22:49 UTC 2024
Commit 2 on Wed Nov 27 02:22:49 UTC 2024
Commit 3 on Wed Nov 27 02:22:49 UTC 2024
Commit 4 on Wed Nov 27 02:22:49 UTC 2024
Commit 5 on Wed Nov 27 02:22:49 UTC 2024
Commit 1 on Thu Nov 28 02:22:13 UTC 2024
Commit 1 on Fri Nov 29 02:22:01 UTC 2024
Commit 2 on Fri Nov 29 02:22:01 UTC 2024
Commit 3 on Fri Nov 29 02:22:01 UTC 2024
Commit 4 on Fri Nov 29 02:22:01 UTC 2024
Commit 1 on Sat Nov 30 02:18:18 UTC 2024
Commit 2 on Sat Nov 30 02:18:18 UTC 2024
Commit 3 on Sat Nov 30 02:18:18 UTC 2024
Commit 1 on Sun Dec  1 02:43:43 UTC 2024
Commit 2 on Sun Dec  1 02:43:43 UTC 2024
Commit 3 on Sun Dec  1 02:43:43 UTC 2024
Commit 1 on Mon Dec  2 02:25:37 UTC 2024
Commit 2 on Mon Dec  2 02:25:37 UTC 2024
Commit 3 on Mon Dec  2 02:25:37 UTC 2024
Commit 1 on Tue Dec  3 02:24:17 UTC 2024
Commit 2 on Tue Dec  3 02:24:17 UTC 2024
Commit 1 on Wed Dec  4 02:24:17 UTC 2024
Commit 2 on Wed Dec  4 02:24:17 UTC 2024
Commit 3 on Wed Dec  4 02:24:17 UTC 2024
Commit 1 on Thu Dec  5 02:24:38 UTC 2024
Commit 2 on Thu Dec  5 02:24:38 UTC 2024
Commit 3 on Thu Dec  5 02:24:38 UTC 2024
Commit 1 on Fri Dec  6 02:23:39 UTC 2024
Commit 2 on Fri Dec  6 02:23:39 UTC 2024
Commit 3 on Fri Dec  6 02:23:39 UTC 2024
Commit 4 on Fri Dec  6 02:23:39 UTC 2024
Commit 5 on Fri Dec  6 02:23:39 UTC 2024
Commit 1 on Sat Dec  7 02:22:03 UTC 2024
Commit 2 on Sat Dec  7 02:22:03 UTC 2024
Commit 3 on Sat Dec  7 02:22:03 UTC 2024
Commit 4 on Sat Dec  7 02:22:03 UTC 2024
Commit 1 on Sun Dec  8 02:36:19 UTC 2024
Commit 2 on Sun Dec  8 02:36:19 UTC 2024
Commit 3 on Sun Dec  8 02:36:19 UTC 2024
Commit 1 on Mon Dec  9 02:26:58 UTC 2024
Commit 2 on Mon Dec  9 02:26:58 UTC 2024
Commit 3 on Mon Dec  9 02:26:58 UTC 2024
Commit 4 on Mon Dec  9 02:26:58 UTC 2024
Commit 1 on Tue Dec 10 02:26:14 UTC 2024
Commit 2 on Tue Dec 10 02:26:14 UTC 2024
Commit 3 on Tue Dec 10 02:26:14 UTC 2024
Commit 4 on Tue Dec 10 02:26:14 UTC 2024
Commit 5 on Tue Dec 10 02:26:14 UTC 2024
Commit 1 on Wed Dec 11 02:23:58 UTC 2024
Commit 2 on Wed Dec 11 02:23:58 UTC 2024
Commit 3 on Wed Dec 11 02:23:58 UTC 2024
Commit 4 on Wed Dec 11 02:23:58 UTC 2024
Commit 5 on Wed Dec 11 02:23:58 UTC 2024
Commit 1 on Thu Dec 12 02:23:50 UTC 2024
Commit 2 on Thu Dec 12 02:23:50 UTC 2024
Commit 1 on Fri Dec 13 02:25:26 UTC 2024
Commit 2 on Fri Dec 13 02:25:26 UTC 2024
Commit 3 on Fri Dec 13 02:25:26 UTC 2024
Commit 1 on Sat Dec 14 02:20:08 UTC 2024
Commit 1 on Sun Dec 15 02:36:40 UTC 2024
Commit 2 on Sun Dec 15 02:36:40 UTC 2024
Commit 3 on Sun Dec 15 02:36:40 UTC 2024
Commit 1 on Mon Dec 16 02:26:58 UTC 2024
Commit 2 on Mon Dec 16 02:26:58 UTC 2024
Commit 1 on Tue Dec 17 02:23:32 UTC 2024
Commit 2 on Tue Dec 17 02:23:32 UTC 2024
Commit 3 on Tue Dec 17 02:23:32 UTC 2024
Commit 4 on Tue Dec 17 02:23:32 UTC 2024
Commit 5 on Tue Dec 17 02:23:32 UTC 2024
Commit 1 on Wed Dec 18 02:19:28 UTC 2024
Commit 2 on Wed Dec 18 02:19:28 UTC 2024
Commit 3 on Wed Dec 18 02:19:28 UTC 2024
Commit 1 on Thu Dec 19 02:20:09 UTC 2024
Commit 1 on Fri Dec 20 02:14:00 UTC 2024
Commit 2 on Fri Dec 20 02:14:00 UTC 2024
Commit 3 on Fri Dec 20 02:14:00 UTC 2024
Commit 4 on Fri Dec 20 02:14:00 UTC 2024
Commit 1 on Sat Dec 21 02:11:08 UTC 2024
Commit 2 on Sat Dec 21 02:11:08 UTC 2024
Commit 3 on Sat Dec 21 02:11:08 UTC 2024
Commit 4 on Sat Dec 21 02:11:08 UTC 2024
Commit 5 on Sat Dec 21 02:11:08 UTC 2024
Commit 1 on Sun Dec 22 02:19:05 UTC 2024
Commit 2 on Sun Dec 22 02:19:06 UTC 2024
Commit 3 on Sun Dec 22 02:19:06 UTC 2024
Commit 1 on Mon Dec 23 02:15:10 UTC 2024
Commit 2 on Mon Dec 23 02:15:10 UTC 2024
Commit 3 on Mon Dec 23 02:15:10 UTC 2024
Commit 4 on Mon Dec 23 02:15:10 UTC 2024
Commit 1 on Tue Dec 24 02:13:42 UTC 2024
Commit 1 on Wed Dec 25 02:12:02 UTC 2024
Commit 2 on Wed Dec 25 02:12:02 UTC 2024
Commit 3 on Wed Dec 25 02:12:02 UTC 2024
Commit 4 on Wed Dec 25 02:12:02 UTC 2024
Commit 5 on Wed Dec 25 02:12:02 UTC 2024
Commit 1 on Thu Dec 26 02:12:44 UTC 2024
Commit 2 on Thu Dec 26 02:12:44 UTC 2024
Commit 3 on Thu Dec 26 02:12:44 UTC 2024
Commit 1 on Fri Dec 27 02:13:47 UTC 2024
Commit 2 on Fri Dec 27 02:13:48 UTC 2024
Commit 3 on Fri Dec 27 02:13:48 UTC 2024
Commit 1 on Sat Dec 28 02:10:24 UTC 2024
Commit 2 on Sat Dec 28 02:10:24 UTC 2024
Commit 3 on Sat Dec 28 02:10:24 UTC 2024
Commit 4 on Sat Dec 28 02:10:24 UTC 2024
Commit 5 on Sat Dec 28 02:10:24 UTC 2024
Commit 1 on Sun Dec 29 02:20:22 UTC 2024
Commit 2 on Sun Dec 29 02:20:22 UTC 2024
Commit 3 on Sun Dec 29 02:20:22 UTC 2024
Commit 1 on Mon Dec 30 02:15:49 UTC 2024
Commit 1 on Tue Dec 31 02:12:34 UTC 2024
Commit 2 on Tue Dec 31 02:12:34 UTC 2024
Commit 3 on Tue Dec 31 02:12:34 UTC 2024
Commit 1 on Wed Jan  1 02:20:32 UTC 2025
Commit 2 on Wed Jan  1 02:20:32 UTC 2025
Commit 3 on Wed Jan  1 02:20:32 UTC 2025
Commit 4 on Wed Jan  1 02:20:32 UTC 2025
Commit 1 on Thu Jan  2 02:12:20 UTC 2025
Commit 2 on Thu Jan  2 02:12:20 UTC 2025
Commit 3 on Thu Jan  2 02:12:20 UTC 2025
Commit 4 on Thu Jan  2 02:12:20 UTC 2025
Commit 1 on Fri Jan  3 02:13:50 UTC 2025
Commit 2 on Fri Jan  3 02:13:50 UTC 2025
Commit 1 on Sat Jan  4 02:10:56 UTC 2025
Commit 2 on Sat Jan  4 02:10:56 UTC 2025
Commit 3 on Sat Jan  4 02:10:56 UTC 2025
Commit 4 on Sat Jan  4 02:10:56 UTC 2025
Commit 1 on Sun Jan  5 02:19:19 UTC 2025
Commit 2 on Sun Jan  5 02:19:19 UTC 2025
Commit 3 on Sun Jan  5 02:19:19 UTC 2025
Commit 4 on Sun Jan  5 02:19:19 UTC 2025
Commit 5 on Sun Jan  5 02:19:19 UTC 2025
Commit 1 on Mon Jan  6 02:17:39 UTC 2025
Commit 2 on Mon Jan  6 02:17:39 UTC 2025
Commit 3 on Mon Jan  6 02:17:39 UTC 2025
Commit 1 on Tue Jan  7 02:14:47 UTC 2025
Commit 1 on Wed Jan  8 02:13:28 UTC 2025
Commit 2 on Wed Jan  8 02:13:28 UTC 2025
Commit 3 on Wed Jan  8 02:13:28 UTC 2025
Commit 4 on Wed Jan  8 02:13:28 UTC 2025
Commit 5 on Wed Jan  8 02:13:28 UTC 2025
Commit 1 on Thu Jan  9 02:45:05 UTC 2025
Commit 2 on Thu Jan  9 02:45:05 UTC 2025
Commit 3 on Thu Jan  9 02:45:05 UTC 2025
Commit 1 on Fri Jan 10 02:16:32 UTC 2025
Commit 1 on Sat Jan 11 02:13:30 UTC 2025
Commit 2 on Sat Jan 11 02:13:30 UTC 2025
Commit 3 on Sat Jan 11 02:13:30 UTC 2025
Commit 1 on Sun Jan 12 02:21:13 UTC 2025
Commit 2 on Sun Jan 12 02:21:13 UTC 2025
Commit 1 on Mon Jan 13 02:18:27 UTC 2025
Commit 1 on Tue Jan 14 02:08:37 UTC 2025
Commit 2 on Tue Jan 14 02:08:37 UTC 2025
Commit 3 on Tue Jan 14 02:08:37 UTC 2025
Commit 4 on Tue Jan 14 02:08:37 UTC 2025
Commit 1 on Wed Jan 15 02:10:24 UTC 2025
Commit 2 on Wed Jan 15 02:10:24 UTC 2025
Commit 3 on Wed Jan 15 02:10:24 UTC 2025
Commit 4 on Wed Jan 15 02:10:24 UTC 2025
Commit 1 on Thu Jan 16 02:09:12 UTC 2025
Commit 2 on Thu Jan 16 02:09:12 UTC 2025
Commit 3 on Thu Jan 16 02:09:12 UTC 2025
Commit 1 on Fri Jan 17 02:09:08 UTC 2025
Commit 2 on Fri Jan 17 02:09:08 UTC 2025
Commit 1 on Sat Jan 18 02:06:19 UTC 2025
Commit 2 on Sat Jan 18 02:06:19 UTC 2025
Commit 1 on Sun Jan 19 02:15:19 UTC 2025
Commit 2 on Sun Jan 19 02:15:19 UTC 2025
Commit 3 on Sun Jan 19 02:15:19 UTC 2025
Commit 1 on Mon Jan 20 02:11:50 UTC 2025
Commit 2 on Mon Jan 20 02:11:50 UTC 2025
Commit 3 on Mon Jan 20 02:11:50 UTC 2025
Commit 4 on Mon Jan 20 02:11:50 UTC 2025
Commit 1 on Tue Jan 21 02:09:57 UTC 2025
Commit 2 on Tue Jan 21 02:09:57 UTC 2025
Commit 3 on Tue Jan 21 02:09:57 UTC 2025
Commit 4 on Tue Jan 21 02:09:57 UTC 2025
Commit 1 on Wed Jan 22 02:12:24 UTC 2025
Commit 2 on Wed Jan 22 02:12:24 UTC 2025
Commit 3 on Wed Jan 22 02:12:24 UTC 2025
Commit 1 on Thu Jan 23 02:10:03 UTC 2025
Commit 2 on Thu Jan 23 02:10:03 UTC 2025
Commit 3 on Thu Jan 23 02:10:03 UTC 2025
Commit 1 on Fri Jan 24 02:10:38 UTC 2025
Commit 2 on Fri Jan 24 02:10:38 UTC 2025
Commit 3 on Fri Jan 24 02:10:38 UTC 2025
Commit 4 on Fri Jan 24 02:10:38 UTC 2025
Commit 1 on Sat Jan 25 02:05:29 UTC 2025
Commit 2 on Sat Jan 25 02:05:29 UTC 2025
Commit 1 on Sun Jan 26 02:12:59 UTC 2025
Commit 2 on Sun Jan 26 02:12:59 UTC 2025
Commit 1 on Mon Jan 27 02:11:44 UTC 2025
Commit 2 on Mon Jan 27 02:11:44 UTC 2025
Commit 3 on Mon Jan 27 02:11:44 UTC 2025
Commit 1 on Tue Jan 28 02:09:38 UTC 2025
Commit 2 on Tue Jan 28 02:09:38 UTC 2025
Commit 3 on Tue Jan 28 02:09:38 UTC 2025
Commit 1 on Wed Jan 29 02:09:19 UTC 2025
Commit 1 on Thu Jan 30 02:08:37 UTC 2025
Commit 2 on Thu Jan 30 02:08:37 UTC 2025
Commit 1 on Fri Jan 31 02:10:11 UTC 2025
Commit 2 on Fri Jan 31 02:10:11 UTC 2025
Commit 3 on Fri Jan 31 02:10:11 UTC 2025
Commit 4 on Fri Jan 31 02:10:11 UTC 2025
Commit 5 on Fri Jan 31 02:10:11 UTC 2025
Commit 1 on Sat Feb  1 02:13:42 UTC 2025
Commit 2 on Sat Feb  1 02:13:42 UTC 2025
Commit 3 on Sat Feb  1 02:13:42 UTC 2025
Commit 4 on Sat Feb  1 02:13:42 UTC 2025
Commit 1 on Sun Feb  2 02:12:59 UTC 2025
Commit 2 on Sun Feb  2 02:12:59 UTC 2025
Commit 3 on Sun Feb  2 02:12:59 UTC 2025
Commit 4 on Sun Feb  2 02:12:59 UTC 2025
Commit 5 on Sun Feb  2 02:12:59 UTC 2025
Commit 1 on Mon Feb  3 02:10:56 UTC 2025
Commit 2 on Mon Feb  3 02:10:56 UTC 2025
Commit 3 on Mon Feb  3 02:10:56 UTC 2025
Commit 4 on Mon Feb  3 02:10:56 UTC 2025
Commit 5 on Mon Feb  3 02:10:56 UTC 2025
Commit 1 on Tue Feb  4 02:10:15 UTC 2025
Commit 2 on Tue Feb  4 02:10:15 UTC 2025
Commit 3 on Tue Feb  4 02:10:15 UTC 2025
Commit 1 on Wed Feb  5 02:11:52 UTC 2025
Commit 2 on Wed Feb  5 02:11:52 UTC 2025
Commit 1 on Thu Feb  6 02:11:54 UTC 2025
Commit 2 on Thu Feb  6 02:11:54 UTC 2025
Commit 3 on Thu Feb  6 02:11:54 UTC 2025
Commit 4 on Thu Feb  6 02:11:54 UTC 2025
Commit 1 on Fri Feb  7 02:12:35 UTC 2025
Commit 2 on Fri Feb  7 02:12:35 UTC 2025
Commit 3 on Fri Feb  7 02:12:35 UTC 2025
Commit 1 on Sat Feb  8 02:08:46 UTC 2025
Commit 2 on Sat Feb  8 02:08:46 UTC 2025
Commit 3 on Sat Feb  8 02:08:46 UTC 2025
Commit 1 on Sun Feb  9 02:14:52 UTC 2025
Commit 2 on Sun Feb  9 02:14:52 UTC 2025
Commit 3 on Sun Feb  9 02:14:52 UTC 2025
Commit 4 on Sun Feb  9 02:14:52 UTC 2025
Commit 1 on Mon Feb 10 02:13:10 UTC 2025
Commit 2 on Mon Feb 10 02:13:10 UTC 2025
Commit 1 on Tue Feb 11 02:13:18 UTC 2025
Commit 2 on Tue Feb 11 02:13:18 UTC 2025
Commit 3 on Tue Feb 11 02:13:18 UTC 2025
Commit 4 on Tue Feb 11 02:13:18 UTC 2025
Commit 5 on Tue Feb 11 02:13:18 UTC 2025
Commit 1 on Wed Feb 12 02:12:02 UTC 2025
Commit 2 on Wed Feb 12 02:12:02 UTC 2025
Commit 3 on Wed Feb 12 02:12:02 UTC 2025
Commit 4 on Wed Feb 12 02:12:02 UTC 2025
Commit 1 on Thu Feb 13 02:12:46 UTC 2025
Commit 2 on Thu Feb 13 02:12:46 UTC 2025
Commit 3 on Thu Feb 13 02:12:46 UTC 2025
Commit 1 on Fri Feb 14 02:12:39 UTC 2025
Commit 1 on Sat Feb 15 02:11:30 UTC 2025
Commit 2 on Sat Feb 15 02:11:30 UTC 2025
Commit 3 on Sat Feb 15 02:11:30 UTC 2025
Commit 4 on Sat Feb 15 02:11:30 UTC 2025
Commit 1 on Sun Feb 16 02:18:06 UTC 2025
Commit 2 on Sun Feb 16 02:18:06 UTC 2025
Commit 3 on Sun Feb 16 02:18:06 UTC 2025
Commit 4 on Sun Feb 16 02:18:06 UTC 2025
Commit 5 on Sun Feb 16 02:18:06 UTC 2025
Commit 1 on Mon Feb 17 02:15:44 UTC 2025
Commit 2 on Mon Feb 17 02:15:44 UTC 2025
Commit 3 on Mon Feb 17 02:15:44 UTC 2025
Commit 4 on Mon Feb 17 02:15:44 UTC 2025
Commit 1 on Tue Feb 18 02:12:13 UTC 2025
Commit 2 on Tue Feb 18 02:12:13 UTC 2025
Commit 3 on Tue Feb 18 02:12:13 UTC 2025
Commit 4 on Tue Feb 18 02:12:13 UTC 2025
Commit 1 on Wed Feb 19 02:13:08 UTC 2025
Commit 2 on Wed Feb 19 02:13:08 UTC 2025
Commit 1 on Thu Feb 20 02:13:32 UTC 2025
Commit 2 on Thu Feb 20 02:13:32 UTC 2025
Commit 3 on Thu Feb 20 02:13:32 UTC 2025
Commit 4 on Thu Feb 20 02:13:32 UTC 2025
Commit 1 on Fri Feb 21 02:13:54 UTC 2025
Commit 2 on Fri Feb 21 02:13:54 UTC 2025
Commit 3 on Fri Feb 21 02:13:54 UTC 2025
Commit 1 on Sat Feb 22 02:10:01 UTC 2025
Commit 2 on Sat Feb 22 02:10:01 UTC 2025
Commit 3 on Sat Feb 22 02:10:01 UTC 2025
Commit 1 on Sun Feb 23 02:18:26 UTC 2025
Commit 2 on Sun Feb 23 02:18:26 UTC 2025
Commit 1 on Mon Feb 24 02:17:35 UTC 2025
Commit 2 on Mon Feb 24 02:17:35 UTC 2025
Commit 3 on Mon Feb 24 02:17:35 UTC 2025
Commit 4 on Mon Feb 24 02:17:35 UTC 2025
Commit 5 on Mon Feb 24 02:17:35 UTC 2025
Commit 1 on Tue Feb 25 02:16:02 UTC 2025
Commit 2 on Tue Feb 25 02:16:02 UTC 2025
Commit 3 on Tue Feb 25 02:16:02 UTC 2025
Commit 4 on Tue Feb 25 02:16:02 UTC 2025
Commit 1 on Wed Feb 26 02:15:41 UTC 2025
Commit 1 on Thu Feb 27 02:16:35 UTC 2025
Commit 2 on Thu Feb 27 02:16:35 UTC 2025
Commit 3 on Thu Feb 27 02:16:35 UTC 2025
Commit 4 on Thu Feb 27 02:16:35 UTC 2025
Commit 5 on Thu Feb 27 02:16:35 UTC 2025
Commit 1 on Fri Feb 28 02:17:26 UTC 2025
Commit 1 on Sat Mar  1 02:21:00 UTC 2025
Commit 2 on Sat Mar  1 02:21:00 UTC 2025
Commit 3 on Sat Mar  1 02:21:00 UTC 2025
Commit 4 on Sat Mar  1 02:21:00 UTC 2025
Commit 1 on Sun Mar  2 02:20:05 UTC 2025
Commit 1 on Mon Mar  3 02:18:33 UTC 2025
Commit 2 on Mon Mar  3 02:18:33 UTC 2025
Commit 3 on Mon Mar  3 02:18:33 UTC 2025
Commit 1 on Tue Mar  4 02:17:51 UTC 2025
Commit 2 on Tue Mar  4 02:17:51 UTC 2025
Commit 3 on Tue Mar  4 02:17:51 UTC 2025
Commit 4 on Tue Mar  4 02:17:51 UTC 2025
Commit 5 on Tue Mar  4 02:17:51 UTC 2025
Commit 1 on Wed Mar  5 02:17:45 UTC 2025
Commit 2 on Wed Mar  5 02:17:45 UTC 2025
Commit 3 on Wed Mar  5 02:17:45 UTC 2025
Commit 1 on Thu Mar  6 02:18:02 UTC 2025
Commit 2 on Thu Mar  6 02:18:02 UTC 2025
Commit 3 on Thu Mar  6 02:18:02 UTC 2025
Commit 4 on Thu Mar  6 02:18:02 UTC 2025
Commit 5 on Thu Mar  6 02:18:02 UTC 2025
Commit 1 on Fri Mar  7 02:18:45 UTC 2025
Commit 2 on Fri Mar  7 02:18:45 UTC 2025
Commit 3 on Fri Mar  7 02:18:45 UTC 2025
Commit 4 on Fri Mar  7 02:18:45 UTC 2025
Commit 5 on Fri Mar  7 02:18:45 UTC 2025
Commit 1 on Sat Mar  8 01:52:17 UTC 2025
Commit 2 on Sat Mar  8 01:52:17 UTC 2025
Commit 3 on Sat Mar  8 01:52:17 UTC 2025
Commit 4 on Sat Mar  8 01:52:17 UTC 2025
Commit 1 on Sun Mar  9 01:59:34 UTC 2025
Commit 2 on Sun Mar  9 01:59:34 UTC 2025
Commit 3 on Sun Mar  9 01:59:34 UTC 2025
Commit 4 on Sun Mar  9 01:59:34 UTC 2025
Commit 1 on Mon Mar 10 02:00:10 UTC 2025
Commit 2 on Mon Mar 10 02:00:10 UTC 2025
Commit 3 on Mon Mar 10 02:00:10 UTC 2025
Commit 1 on Tue Mar 11 02:18:58 UTC 2025
Commit 2 on Tue Mar 11 02:18:58 UTC 2025
Commit 3 on Tue Mar 11 02:18:59 UTC 2025
Commit 1 on Wed Mar 12 02:17:53 UTC 2025
Commit 2 on Wed Mar 12 02:17:53 UTC 2025
Commit 1 on Thu Mar 13 02:20:04 UTC 2025
Commit 2 on Thu Mar 13 02:20:04 UTC 2025
Commit 3 on Thu Mar 13 02:20:04 UTC 2025
Commit 4 on Thu Mar 13 02:20:04 UTC 2025
Commit 1 on Fri Mar 14 02:17:59 UTC 2025
Commit 2 on Fri Mar 14 02:17:59 UTC 2025
Commit 3 on Fri Mar 14 02:17:59 UTC 2025
Commit 4 on Fri Mar 14 02:17:59 UTC 2025
Commit 1 on Sat Mar 15 02:16:08 UTC 2025
Commit 2 on Sat Mar 15 02:16:08 UTC 2025
Commit 3 on Sat Mar 15 02:16:08 UTC 2025
Commit 4 on Sat Mar 15 02:16:08 UTC 2025
Commit 5 on Sat Mar 15 02:16:08 UTC 2025
Commit 1 on Sun Mar 16 02:23:40 UTC 2025
Commit 2 on Sun Mar 16 02:23:40 UTC 2025
Commit 3 on Sun Mar 16 02:23:40 UTC 2025
Commit 4 on Sun Mar 16 02:23:40 UTC 2025
Commit 1 on Mon Mar 17 02:21:39 UTC 2025
Commit 2 on Mon Mar 17 02:21:39 UTC 2025
Commit 1 on Tue Mar 18 02:21:07 UTC 2025
Commit 2 on Tue Mar 18 02:21:07 UTC 2025
Commit 3 on Tue Mar 18 02:21:07 UTC 2025
Commit 4 on Tue Mar 18 02:21:07 UTC 2025
Commit 1 on Wed Mar 19 02:20:10 UTC 2025
Commit 2 on Wed Mar 19 02:20:10 UTC 2025
Commit 3 on Wed Mar 19 02:20:10 UTC 2025
Commit 1 on Thu Mar 20 02:19:12 UTC 2025
Commit 1 on Fri Mar 21 02:20:57 UTC 2025
Commit 2 on Fri Mar 21 02:20:57 UTC 2025
Commit 1 on Sat Mar 22 02:17:57 UTC 2025
Commit 2 on Sat Mar 22 02:17:57 UTC 2025
Commit 3 on Sat Mar 22 02:17:57 UTC 2025
Commit 4 on Sat Mar 22 02:17:57 UTC 2025
Commit 5 on Sat Mar 22 02:17:57 UTC 2025
Commit 1 on Sun Mar 23 01:30:02 UTC 2025
Commit 2 on Sun Mar 23 01:30:02 UTC 2025
Commit 1 on Mon Mar 24 01:30:19 UTC 2025
Commit 2 on Mon Mar 24 01:30:19 UTC 2025
Commit 3 on Mon Mar 24 01:30:19 UTC 2025
Commit 4 on Mon Mar 24 01:30:19 UTC 2025
Commit 1 on Tue Mar 25 01:30:04 UTC 2025
Commit 2 on Tue Mar 25 01:30:04 UTC 2025
Commit 1 on Wed Mar 26 01:30:03 UTC 2025
Commit 2 on Wed Mar 26 01:30:03 UTC 2025
Commit 3 on Wed Mar 26 01:30:03 UTC 2025
Commit 1 on Thu Mar 27 01:29:57 UTC 2025
Commit 2 on Thu Mar 27 01:29:57 UTC 2025
Commit 3 on Thu Mar 27 01:29:57 UTC 2025
Commit 4 on Thu Mar 27 01:29:57 UTC 2025
Commit 1 on Fri Mar 28 01:29:59 UTC 2025
Commit 1 on Sat Mar 29 01:29:52 UTC 2025
Commit 2 on Sat Mar 29 01:29:52 UTC 2025
Commit 1 on Sun Mar 30 01:30:13 UTC 2025
Commit 2 on Sun Mar 30 01:30:13 UTC 2025
Commit 1 on Mon Mar 31 01:30:23 UTC 2025
Commit 2 on Mon Mar 31 01:30:23 UTC 2025
Commit 3 on Mon Mar 31 01:30:23 UTC 2025
Commit 1 on Tue Apr  1 01:30:38 UTC 2025
Commit 2 on Tue Apr  1 01:30:38 UTC 2025
Commit 3 on Tue Apr  1 01:30:38 UTC 2025
Commit 4 on Tue Apr  1 01:30:38 UTC 2025
Commit 1 on Wed Apr  2 01:30:05 UTC 2025
Commit 1 on Thu Apr  3 01:30:03 UTC 2025
Commit 1 on Fri Apr  4 01:30:05 UTC 2025
Commit 1 on Sat Apr  5 01:29:53 UTC 2025
Commit 2 on Sat Apr  5 01:29:53 UTC 2025
Commit 1 on Sun Apr  6 01:30:03 UTC 2025
Commit 2 on Sun Apr  6 01:30:03 UTC 2025
Commit 3 on Sun Apr  6 01:30:03 UTC 2025
Commit 4 on Sun Apr  6 01:30:03 UTC 2025
Commit 1 on Mon Apr  7 01:30:15 UTC 2025
Commit 2 on Mon Apr  7 01:30:15 UTC 2025
Commit 1 on Tue Apr  8 01:30:13 UTC 2025
Commit 2 on Tue Apr  8 01:30:13 UTC 2025
Commit 3 on Tue Apr  8 01:30:13 UTC 2025
Commit 4 on Tue Apr  8 01:30:13 UTC 2025
Commit 1 on Wed Apr  9 01:30:07 UTC 2025
Commit 2 on Wed Apr  9 01:30:07 UTC 2025
Commit 1 on Thu Apr 10 01:30:02 UTC 2025
Commit 2 on Thu Apr 10 01:30:02 UTC 2025
Commit 3 on Thu Apr 10 01:30:02 UTC 2025
Commit 1 on Fri Apr 11 01:30:07 UTC 2025
Commit 1 on Sat Apr 12 01:29:57 UTC 2025
Commit 2 on Sat Apr 12 01:29:57 UTC 2025
Commit 1 on Sun Apr 13 01:49:07 UTC 2025
Commit 2 on Sun Apr 13 01:49:07 UTC 2025
Commit 3 on Sun Apr 13 01:49:07 UTC 2025
Commit 1 on Mon Apr 14 01:30:20 UTC 2025
Commit 2 on Mon Apr 14 01:30:20 UTC 2025
Commit 3 on Mon Apr 14 01:30:20 UTC 2025
Commit 4 on Mon Apr 14 01:30:20 UTC 2025
Commit 5 on Mon Apr 14 01:30:20 UTC 2025
Commit 1 on Tue Apr 15 01:30:15 UTC 2025
Commit 2 on Tue Apr 15 01:30:15 UTC 2025
Commit 3 on Tue Apr 15 01:30:15 UTC 2025
Commit 4 on Tue Apr 15 01:30:15 UTC 2025
Commit 1 on Wed Apr 16 01:30:29 UTC 2025
Commit 2 on Wed Apr 16 01:30:29 UTC 2025
Commit 3 on Wed Apr 16 01:30:29 UTC 2025
Commit 4 on Wed Apr 16 01:30:29 UTC 2025
Commit 1 on Thu Apr 17 01:30:14 UTC 2025
Commit 2 on Thu Apr 17 01:30:14 UTC 2025
Commit 3 on Thu Apr 17 01:30:14 UTC 2025
Commit 1 on Fri Apr 18 01:30:05 UTC 2025
Commit 2 on Fri Apr 18 01:30:05 UTC 2025
Commit 3 on Fri Apr 18 01:30:05 UTC 2025
Commit 4 on Fri Apr 18 01:30:05 UTC 2025
Commit 1 on Sat Apr 19 01:29:50 UTC 2025
Commit 2 on Sat Apr 19 01:29:50 UTC 2025
Commit 3 on Sat Apr 19 01:29:50 UTC 2025
Commit 1 on Sun Apr 20 01:30:18 UTC 2025
Commit 2 on Sun Apr 20 01:30:18 UTC 2025
Commit 3 on Sun Apr 20 01:30:18 UTC 2025
Commit 4 on Sun Apr 20 01:30:18 UTC 2025
Commit 5 on Sun Apr 20 01:30:18 UTC 2025
Commit 1 on Mon Apr 21 01:30:29 UTC 2025
Commit 2 on Mon Apr 21 01:30:29 UTC 2025
Commit 1 on Tue Apr 22 01:30:24 UTC 2025
Commit 2 on Tue Apr 22 01:30:24 UTC 2025
Commit 3 on Tue Apr 22 01:30:24 UTC 2025
Commit 4 on Tue Apr 22 01:30:24 UTC 2025
Commit 1 on Wed Apr 23 01:30:18 UTC 2025
Commit 2 on Wed Apr 23 01:30:18 UTC 2025
Commit 3 on Wed Apr 23 01:30:18 UTC 2025
Commit 4 on Wed Apr 23 01:30:18 UTC 2025
Commit 1 on Thu Apr 24 01:30:16 UTC 2025
Commit 2 on Thu Apr 24 01:30:16 UTC 2025
Commit 3 on Thu Apr 24 01:30:16 UTC 2025
Commit 4 on Thu Apr 24 01:30:16 UTC 2025
Commit 1 on Fri Apr 25 01:30:20 UTC 2025
Commit 2 on Fri Apr 25 01:30:20 UTC 2025
Commit 1 on Sat Apr 26 01:30:09 UTC 2025
Commit 2 on Sat Apr 26 01:30:09 UTC 2025
Commit 1 on Sun Apr 27 01:30:16 UTC 2025
Commit 1 on Mon Apr 28 01:30:31 UTC 2025
Commit 2 on Mon Apr 28 01:30:31 UTC 2025
Commit 3 on Mon Apr 28 01:30:31 UTC 2025
Commit 4 on Mon Apr 28 01:30:31 UTC 2025
Commit 5 on Mon Apr 28 01:30:31 UTC 2025
Commit 1 on Tue Apr 29 01:30:20 UTC 2025
Commit 2 on Tue Apr 29 01:30:20 UTC 2025
Commit 3 on Tue Apr 29 01:30:20 UTC 2025
Commit 4 on Tue Apr 29 01:30:20 UTC 2025
Commit 5 on Tue Apr 29 01:30:20 UTC 2025
Commit 1 on Wed Apr 30 01:30:15 UTC 2025
Commit 2 on Wed Apr 30 01:30:15 UTC 2025
Commit 3 on Wed Apr 30 01:30:15 UTC 2025
Commit 4 on Wed Apr 30 01:30:15 UTC 2025
Commit 1 on Thu May  1 01:30:51 UTC 2025
Commit 2 on Thu May  1 01:30:51 UTC 2025
Commit 3 on Thu May  1 01:30:51 UTC 2025
Commit 4 on Thu May  1 01:30:51 UTC 2025
Commit 5 on Thu May  1 01:30:51 UTC 2025
Commit 1 on Fri May  2 01:30:16 UTC 2025
Commit 2 on Fri May  2 01:30:16 UTC 2025
Commit 3 on Fri May  2 01:30:16 UTC 2025
Commit 4 on Fri May  2 01:30:16 UTC 2025
Commit 1 on Sat May  3 01:30:00 UTC 2025
Commit 2 on Sat May  3 01:30:00 UTC 2025
Commit 1 on Sun May  4 01:30:41 UTC 2025
Commit 2 on Sun May  4 01:30:41 UTC 2025
Commit 3 on Sun May  4 01:30:41 UTC 2025
Commit 4 on Sun May  4 01:30:41 UTC 2025
Commit 5 on Sun May  4 01:30:41 UTC 2025
Commit 1 on Mon May  5 01:30:36 UTC 2025
Commit 2 on Mon May  5 01:30:36 UTC 2025
Commit 3 on Mon May  5 01:30:36 UTC 2025
Commit 1 on Tue May  6 01:30:22 UTC 2025
Commit 2 on Tue May  6 01:30:22 UTC 2025
Commit 3 on Tue May  6 01:30:22 UTC 2025
Commit 1 on Wed May  7 01:30:31 UTC 2025
Commit 1 on Thu May  8 01:30:27 UTC 2025
Commit 2 on Thu May  8 01:30:27 UTC 2025
Commit 3 on Thu May  8 01:30:27 UTC 2025
Commit 1 on Fri May  9 01:30:26 UTC 2025
Commit 1 on Sat May 10 01:30:09 UTC 2025
Commit 2 on Sat May 10 01:30:09 UTC 2025
Commit 3 on Sat May 10 01:30:09 UTC 2025
Commit 4 on Sat May 10 01:30:09 UTC 2025
Commit 5 on Sat May 10 01:30:09 UTC 2025
Commit 1 on Sun May 11 01:30:28 UTC 2025
Commit 2 on Sun May 11 01:30:28 UTC 2025
Commit 3 on Sun May 11 01:30:28 UTC 2025
Commit 1 on Mon May 12 01:30:55 UTC 2025
Commit 2 on Mon May 12 01:30:55 UTC 2025
Commit 1 on Tue May 13 01:30:24 UTC 2025
Commit 2 on Tue May 13 01:30:24 UTC 2025
Commit 3 on Tue May 13 01:30:24 UTC 2025
Commit 4 on Tue May 13 01:30:24 UTC 2025
Commit 5 on Tue May 13 01:30:24 UTC 2025
Commit 1 on Wed May 14 01:30:26 UTC 2025
Commit 2 on Wed May 14 01:30:26 UTC 2025
Commit 3 on Wed May 14 01:30:26 UTC 2025
Commit 4 on Wed May 14 01:30:26 UTC 2025
Commit 5 on Wed May 14 01:30:26 UTC 2025
Commit 1 on Thu May 15 01:30:26 UTC 2025
Commit 2 on Thu May 15 01:30:26 UTC 2025
Commit 3 on Thu May 15 01:30:26 UTC 2025
Commit 1 on Fri May 16 01:30:27 UTC 2025
Commit 2 on Fri May 16 01:30:27 UTC 2025
Commit 3 on Fri May 16 01:30:27 UTC 2025
Commit 1 on Sat May 17 01:30:12 UTC 2025
Commit 2 on Sat May 17 01:30:12 UTC 2025
Commit 3 on Sat May 17 01:30:12 UTC 2025
Commit 4 on Sat May 17 01:30:12 UTC 2025
Commit 5 on Sat May 17 01:30:12 UTC 2025
Commit 1 on Sun May 18 01:30:30 UTC 2025
Commit 2 on Sun May 18 01:30:30 UTC 2025
Commit 3 on Sun May 18 01:30:30 UTC 2025
Commit 4 on Sun May 18 01:30:30 UTC 2025
Commit 5 on Sun May 18 01:30:30 UTC 2025
Commit 1 on Mon May 19 01:30:46 UTC 2025
Commit 2 on Mon May 19 01:30:46 UTC 2025
Commit 1 on Tue May 20 01:30:32 UTC 2025
Commit 2 on Tue May 20 01:30:32 UTC 2025
Commit 3 on Tue May 20 01:30:32 UTC 2025
Commit 1 on Wed May 21 01:30:30 UTC 2025
Commit 1 on Thu May 22 01:30:27 UTC 2025
Commit 2 on Thu May 22 01:30:27 UTC 2025
Commit 3 on Thu May 22 01:30:27 UTC 2025
Commit 4 on Thu May 22 01:30:27 UTC 2025
Commit 1 on Fri May 23 01:30:27 UTC 2025
Commit 2 on Fri May 23 01:30:27 UTC 2025
Commit 3 on Fri May 23 01:30:27 UTC 2025
Commit 4 on Fri May 23 01:30:27 UTC 2025
Commit 1 on Sat May 24 01:30:05 UTC 2025
Commit 2 on Sat May 24 01:30:05 UTC 2025
Commit 3 on Sat May 24 01:30:05 UTC 2025
Commit 4 on Sat May 24 01:30:05 UTC 2025
Commit 5 on Sat May 24 01:30:05 UTC 2025
Commit 1 on Sun May 25 01:30:40 UTC 2025
Commit 2 on Sun May 25 01:30:40 UTC 2025
Commit 3 on Sun May 25 01:30:40 UTC 2025
Commit 4 on Sun May 25 01:30:40 UTC 2025
Commit 1 on Mon May 26 01:30:44 UTC 2025
Commit 2 on Mon May 26 01:30:44 UTC 2025
Commit 3 on Mon May 26 01:30:44 UTC 2025
Commit 4 on Mon May 26 01:30:44 UTC 2025
Commit 1 on Tue May 27 01:30:29 UTC 2025
Commit 2 on Tue May 27 01:30:29 UTC 2025
Commit 3 on Tue May 27 01:30:29 UTC 2025
Commit 1 on Wed May 28 01:30:30 UTC 2025
Commit 2 on Wed May 28 01:30:30 UTC 2025
Commit 3 on Wed May 28 01:30:30 UTC 2025
Commit 4 on Wed May 28 01:30:30 UTC 2025
Commit 1 on Thu May 29 01:30:27 UTC 2025
Commit 2 on Thu May 29 01:30:27 UTC 2025
Commit 3 on Thu May 29 01:30:27 UTC 2025
Commit 1 on Fri May 30 01:30:19 UTC 2025
Commit 1 on Sat May 31 01:30:16 UTC 2025
Commit 2 on Sat May 31 01:30:16 UTC 2025
Commit 3 on Sat May 31 01:30:16 UTC 2025
Commit 4 on Sat May 31 01:30:16 UTC 2025
Commit 1 on Sun Jun  1 01:31:22 UTC 2025
Commit 2 on Sun Jun  1 01:31:22 UTC 2025
Commit 1 on Mon Jun  2 01:30:58 UTC 2025
Commit 2 on Mon Jun  2 01:30:58 UTC 2025
Commit 3 on Mon Jun  2 01:30:58 UTC 2025
Commit 4 on Mon Jun  2 01:30:58 UTC 2025
Commit 1 on Tue Jun  3 01:30:36 UTC 2025
Commit 2 on Tue Jun  3 01:30:37 UTC 2025
Commit 3 on Tue Jun  3 01:30:37 UTC 2025
Commit 4 on Tue Jun  3 01:30:37 UTC 2025
Commit 1 on Wed Jun  4 01:30:39 UTC 2025
Commit 2 on Wed Jun  4 01:30:39 UTC 2025
Commit 3 on Wed Jun  4 01:30:39 UTC 2025
Commit 4 on Wed Jun  4 01:30:39 UTC 2025
Commit 5 on Wed Jun  4 01:30:39 UTC 2025
Commit 1 on Thu Jun  5 01:30:30 UTC 2025
Commit 2 on Thu Jun  5 01:30:30 UTC 2025
Commit 3 on Thu Jun  5 01:30:30 UTC 2025
Commit 1 on Fri Jun  6 01:30:29 UTC 2025
Commit 2 on Fri Jun  6 01:30:29 UTC 2025
Commit 3 on Fri Jun  6 01:30:29 UTC 2025
Commit 4 on Fri Jun  6 01:30:29 UTC 2025
Commit 5 on Fri Jun  6 01:30:29 UTC 2025
Commit 1 on Sat Jun  7 01:30:26 UTC 2025
Commit 1 on Sun Jun  8 01:30:47 UTC 2025
Commit 2 on Sun Jun  8 01:30:47 UTC 2025
Commit 3 on Sun Jun  8 01:30:47 UTC 2025
Commit 4 on Sun Jun  8 01:30:47 UTC 2025
Commit 1 on Mon Jun  9 01:31:01 UTC 2025
Commit 2 on Mon Jun  9 01:31:01 UTC 2025
Commit 3 on Mon Jun  9 01:31:01 UTC 2025
Commit 1 on Tue Jun 10 01:30:43 UTC 2025
Commit 2 on Tue Jun 10 01:30:43 UTC 2025
Commit 3 on Tue Jun 10 01:30:43 UTC 2025
Commit 1 on Wed Jun 11 01:30:37 UTC 2025
Commit 2 on Wed Jun 11 01:30:37 UTC 2025
Commit 3 on Wed Jun 11 01:30:37 UTC 2025
Commit 4 on Wed Jun 11 01:30:37 UTC 2025
Commit 1 on Thu Jun 12 01:30:32 UTC 2025
Commit 2 on Thu Jun 12 01:30:32 UTC 2025
Commit 3 on Thu Jun 12 01:30:32 UTC 2025
Commit 1 on Fri Jun 13 01:30:42 UTC 2025
Commit 1 on Sat Jun 14 01:30:33 UTC 2025
Commit 2 on Sat Jun 14 01:30:33 UTC 2025
Commit 3 on Sat Jun 14 01:30:33 UTC 2025
Commit 4 on Sat Jun 14 01:30:33 UTC 2025
Commit 1 on Sun Jun 15 01:30:59 UTC 2025
Commit 2 on Sun Jun 15 01:30:59 UTC 2025
Commit 3 on Sun Jun 15 01:30:59 UTC 2025
Commit 4 on Sun Jun 15 01:30:59 UTC 2025
Commit 5 on Sun Jun 15 01:30:59 UTC 2025
Commit 1 on Mon Jun 16 01:31:01 UTC 2025
Commit 2 on Mon Jun 16 01:31:01 UTC 2025
Commit 3 on Mon Jun 16 01:31:01 UTC 2025
Commit 4 on Mon Jun 16 01:31:01 UTC 2025
Commit 5 on Mon Jun 16 01:31:01 UTC 2025
Commit 1 on Tue Jun 17 01:30:40 UTC 2025
Commit 2 on Tue Jun 17 01:30:40 UTC 2025
Commit 3 on Tue Jun 17 01:30:40 UTC 2025
Commit 4 on Tue Jun 17 01:30:40 UTC 2025
Commit 5 on Tue Jun 17 01:30:40 UTC 2025
Commit 1 on Wed Jun 18 01:30:42 UTC 2025
Commit 1 on Thu Jun 19 01:30:42 UTC 2025
Commit 2 on Thu Jun 19 01:30:42 UTC 2025
Commit 3 on Thu Jun 19 01:30:42 UTC 2025
Commit 4 on Thu Jun 19 01:30:42 UTC 2025
Commit 5 on Thu Jun 19 01:30:42 UTC 2025
Commit 1 on Fri Jun 20 01:30:38 UTC 2025
Commit 2 on Fri Jun 20 01:30:38 UTC 2025
Commit 3 on Fri Jun 20 01:30:38 UTC 2025
Commit 4 on Fri Jun 20 01:30:38 UTC 2025
Commit 5 on Fri Jun 20 01:30:38 UTC 2025
Commit 1 on Sat Jun 21 01:30:22 UTC 2025
Commit 2 on Sat Jun 21 01:30:22 UTC 2025
Commit 3 on Sat Jun 21 01:30:22 UTC 2025
Commit 1 on Sun Jun 22 01:31:02 UTC 2025
Commit 2 on Sun Jun 22 01:31:02 UTC 2025
Commit 3 on Sun Jun 22 01:31:02 UTC 2025
Commit 4 on Sun Jun 22 01:31:02 UTC 2025
Commit 5 on Sun Jun 22 01:31:02 UTC 2025
Commit 1 on Mon Jun 23 01:31:14 UTC 2025
Commit 1 on Tue Jun 24 01:30:43 UTC 2025
Commit 2 on Tue Jun 24 01:30:43 UTC 2025
Commit 3 on Tue Jun 24 01:30:43 UTC 2025
Commit 4 on Tue Jun 24 01:30:43 UTC 2025
Commit 1 on Wed Jun 25 01:30:42 UTC 2025
Commit 2 on Wed Jun 25 01:30:42 UTC 2025
Commit 3 on Wed Jun 25 01:30:42 UTC 2025
Commit 1 on Thu Jun 26 01:30:36 UTC 2025
Commit 2 on Thu Jun 26 01:30:36 UTC 2025
Commit 3 on Thu Jun 26 01:30:36 UTC 2025
Commit 1 on Fri Jun 27 01:30:39 UTC 2025
Commit 2 on Fri Jun 27 01:30:39 UTC 2025
Commit 3 on Fri Jun 27 01:30:39 UTC 2025
Commit 4 on Fri Jun 27 01:30:39 UTC 2025
Commit 1 on Sat Jun 28 01:30:22 UTC 2025
Commit 2 on Sat Jun 28 01:30:22 UTC 2025
Commit 3 on Sat Jun 28 01:30:22 UTC 2025
Commit 1 on Sun Jun 29 01:30:58 UTC 2025
Commit 2 on Sun Jun 29 01:30:58 UTC 2025
Commit 3 on Sun Jun 29 01:30:58 UTC 2025
Commit 1 on Mon Jun 30 01:31:01 UTC 2025
Commit 1 on Tue Jul  1 01:31:19 UTC 2025
Commit 2 on Tue Jul  1 01:31:19 UTC 2025
Commit 1 on Wed Jul  2 01:30:42 UTC 2025
Commit 2 on Wed Jul  2 01:30:42 UTC 2025
Commit 3 on Wed Jul  2 01:30:42 UTC 2025
Commit 4 on Wed Jul  2 01:30:43 UTC 2025
Commit 5 on Wed Jul  2 01:30:43 UTC 2025
Commit 1 on Thu Jul  3 01:30:48 UTC 2025
Commit 2 on Thu Jul  3 01:30:48 UTC 2025
Commit 3 on Thu Jul  3 01:30:48 UTC 2025
Commit 4 on Thu Jul  3 01:30:48 UTC 2025
Commit 1 on Fri Jul  4 01:30:36 UTC 2025
Commit 2 on Fri Jul  4 01:30:36 UTC 2025
Commit 1 on Sat Jul  5 01:30:23 UTC 2025
Commit 2 on Sat Jul  5 01:30:23 UTC 2025
Commit 1 on Sun Jul  6 01:30:54 UTC 2025
Commit 2 on Sun Jul  6 01:30:54 UTC 2025
Commit 3 on Sun Jul  6 01:30:54 UTC 2025
Commit 1 on Mon Jul  7 01:31:03 UTC 2025
Commit 2 on Mon Jul  7 01:31:03 UTC 2025
Commit 3 on Mon Jul  7 01:31:03 UTC 2025
Commit 4 on Mon Jul  7 01:31:03 UTC 2025
Commit 1 on Tue Jul  8 01:30:45 UTC 2025
Commit 2 on Tue Jul  8 01:30:45 UTC 2025
Commit 3 on Tue Jul  8 01:30:45 UTC 2025
Commit 4 on Tue Jul  8 01:30:45 UTC 2025
Commit 1 on Wed Jul  9 01:30:47 UTC 2025
Commit 2 on Wed Jul  9 01:30:47 UTC 2025
Commit 1 on Thu Jul 10 01:30:52 UTC 2025
Commit 2 on Thu Jul 10 01:30:52 UTC 2025
Commit 3 on Thu Jul 10 01:30:52 UTC 2025
Commit 4 on Thu Jul 10 01:30:52 UTC 2025
Commit 5 on Thu Jul 10 01:30:52 UTC 2025
Commit 1 on Fri Jul 11 01:30:55 UTC 2025
Commit 2 on Fri Jul 11 01:30:55 UTC 2025
Commit 3 on Fri Jul 11 01:30:55 UTC 2025
Commit 1 on Sat Jul 12 01:31:00 UTC 2025
Commit 2 on Sat Jul 12 01:31:00 UTC 2025
Commit 1 on Sun Jul 13 01:31:14 UTC 2025
Commit 1 on Mon Jul 14 01:31:17 UTC 2025
Commit 2 on Mon Jul 14 01:31:17 UTC 2025
Commit 3 on Mon Jul 14 01:31:17 UTC 2025
Commit 4 on Mon Jul 14 01:31:17 UTC 2025
Commit 1 on Tue Jul 15 01:31:18 UTC 2025
Commit 1 on Wed Jul 16 01:30:59 UTC 2025
Commit 2 on Wed Jul 16 01:30:59 UTC 2025
Commit 3 on Wed Jul 16 01:30:59 UTC 2025
Commit 1 on Thu Jul 17 01:31:03 UTC 2025
Commit 2 on Thu Jul 17 01:31:03 UTC 2025
Commit 3 on Thu Jul 17 01:31:03 UTC 2025
Commit 4 on Thu Jul 17 01:31:03 UTC 2025
Commit 5 on Thu Jul 17 01:31:03 UTC 2025
Commit 1 on Fri Jul 18 01:31:24 UTC 2025
Commit 2 on Fri Jul 18 01:31:24 UTC 2025
Commit 3 on Fri Jul 18 01:31:24 UTC 2025
Commit 4 on Fri Jul 18 01:31:24 UTC 2025
Commit 1 on Sat Jul 19 01:30:45 UTC 2025
Commit 2 on Sat Jul 19 01:30:45 UTC 2025
Commit 3 on Sat Jul 19 01:30:45 UTC 2025
Commit 1 on Sun Jul 20 01:31:20 UTC 2025
Commit 1 on Mon Jul 21 01:31:24 UTC 2025
Commit 2 on Mon Jul 21 01:31:24 UTC 2025
Commit 3 on Mon Jul 21 01:31:24 UTC 2025
Commit 1 on Tue Jul 22 01:31:03 UTC 2025
Commit 2 on Tue Jul 22 01:31:03 UTC 2025
Commit 3 on Tue Jul 22 01:31:03 UTC 2025
Commit 4 on Tue Jul 22 01:31:03 UTC 2025
Commit 5 on Tue Jul 22 01:31:03 UTC 2025
Commit 1 on Wed Jul 23 01:31:09 UTC 2025
Commit 2 on Wed Jul 23 01:31:09 UTC 2025
Commit 1 on Thu Jul 24 01:31:01 UTC 2025
Commit 2 on Thu Jul 24 01:31:01 UTC 2025
Commit 3 on Thu Jul 24 01:31:01 UTC 2025
Commit 4 on Thu Jul 24 01:31:01 UTC 2025
Commit 5 on Thu Jul 24 01:31:01 UTC 2025
Commit 1 on Fri Jul 25 01:31:01 UTC 2025
Commit 2 on Fri Jul 25 01:31:01 UTC 2025
Commit 3 on Fri Jul 25 01:31:01 UTC 2025
Commit 4 on Fri Jul 25 01:31:01 UTC 2025
Commit 1 on Sat Jul 26 01:30:43 UTC 2025
Commit 2 on Sat Jul 26 01:30:43 UTC 2025
Commit 3 on Sat Jul 26 01:30:43 UTC 2025
Commit 1 on Sun Jul 27 01:31:28 UTC 2025
Commit 2 on Sun Jul 27 01:31:28 UTC 2025
Commit 3 on Sun Jul 27 01:31:28 UTC 2025
Commit 4 on Sun Jul 27 01:31:28 UTC 2025
Commit 5 on Sun Jul 27 01:31:28 UTC 2025
Commit 1 on Mon Jul 28 01:31:29 UTC 2025
Commit 1 on Tue Jul 29 01:31:52 UTC 2025
Commit 2 on Tue Jul 29 01:31:52 UTC 2025
Commit 1 on Wed Jul 30 01:31:16 UTC 2025
Commit 1 on Thu Jul 31 01:31:13 UTC 2025
Commit 1 on Fri Aug  1 01:31:52 UTC 2025
Commit 2 on Fri Aug  1 01:31:52 UTC 2025
Commit 3 on Fri Aug  1 01:31:52 UTC 2025
Commit 1 on Sat Aug  2 01:30:47 UTC 2025
Commit 2 on Sat Aug  2 01:30:47 UTC 2025
Commit 3 on Sat Aug  2 01:30:47 UTC 2025
Commit 4 on Sat Aug  2 01:30:47 UTC 2025
Commit 1 on Sun Aug  3 01:31:44 UTC 2025
Commit 1 on Mon Aug  4 01:31:55 UTC 2025
Commit 1 on Tue Aug  5 01:31:38 UTC 2025
Commit 1 on Wed Aug  6 01:31:46 UTC 2025
Commit 2 on Wed Aug  6 01:31:46 UTC 2025
Commit 3 on Wed Aug  6 01:31:46 UTC 2025
Commit 1 on Thu Aug  7 01:31:22 UTC 2025
Commit 2 on Thu Aug  7 01:31:22 UTC 2025
Commit 3 on Thu Aug  7 01:31:22 UTC 2025
Commit 4 on Thu Aug  7 01:31:22 UTC 2025
Commit 1 on Fri Aug  8 01:31:16 UTC 2025
Commit 1 on Sat Aug  9 01:30:35 UTC 2025
Commit 1 on Sun Aug 10 01:31:17 UTC 2025
Commit 2 on Sun Aug 10 01:31:17 UTC 2025
Commit 3 on Sun Aug 10 01:31:17 UTC 2025
Commit 1 on Mon Aug 11 01:31:28 UTC 2025
Commit 2 on Mon Aug 11 01:31:28 UTC 2025
Commit 3 on Mon Aug 11 01:31:28 UTC 2025
Commit 4 on Mon Aug 11 01:31:28 UTC 2025
Commit 5 on Mon Aug 11 01:31:28 UTC 2025
Commit 1 on Tue Aug 12 01:30:37 UTC 2025
Commit 2 on Tue Aug 12 01:30:37 UTC 2025
Commit 3 on Tue Aug 12 01:30:37 UTC 2025
Commit 1 on Wed Aug 13 01:30:51 UTC 2025
Commit 1 on Thu Aug 14 01:30:51 UTC 2025
Commit 2 on Thu Aug 14 01:30:51 UTC 2025
Commit 3 on Thu Aug 14 01:30:51 UTC 2025
Commit 4 on Thu Aug 14 01:30:51 UTC 2025
Commit 1 on Fri Aug 15 01:30:45 UTC 2025
Commit 2 on Fri Aug 15 01:30:45 UTC 2025
Commit 3 on Fri Aug 15 01:30:45 UTC 2025
Commit 1 on Sat Aug 16 01:30:21 UTC 2025
Commit 2 on Sat Aug 16 01:30:21 UTC 2025
Commit 3 on Sat Aug 16 01:30:21 UTC 2025
Commit 4 on Sat Aug 16 01:30:21 UTC 2025
Commit 5 on Sat Aug 16 01:30:21 UTC 2025
Commit 1 on Sun Aug 17 01:30:53 UTC 2025
Commit 2 on Sun Aug 17 01:30:53 UTC 2025
Commit 3 on Sun Aug 17 01:30:53 UTC 2025
Commit 4 on Sun Aug 17 01:30:53 UTC 2025
Commit 5 on Sun Aug 17 01:30:53 UTC 2025
Commit 1 on Mon Aug 18 01:31:17 UTC 2025
Commit 2 on Mon Aug 18 01:31:17 UTC 2025
Commit 1 on Tue Aug 19 01:30:15 UTC 2025
Commit 1 on Wed Aug 20 01:30:29 UTC 2025
Commit 2 on Wed Aug 20 01:30:29 UTC 2025
Commit 1 on Thu Aug 21 01:30:26 UTC 2025
Commit 2 on Thu Aug 21 01:30:26 UTC 2025
Commit 3 on Thu Aug 21 01:30:26 UTC 2025
Commit 4 on Thu Aug 21 01:30:26 UTC 2025
Commit 1 on Fri Aug 22 01:30:29 UTC 2025
Commit 2 on Fri Aug 22 01:30:29 UTC 2025
Commit 3 on Fri Aug 22 01:30:29 UTC 2025
Commit 4 on Fri Aug 22 01:30:29 UTC 2025
Commit 5 on Fri Aug 22 01:30:29 UTC 2025
Commit 1 on Sat Aug 23 01:30:03 UTC 2025
Commit 1 on Sun Aug 24 01:30:38 UTC 2025
Commit 2 on Sun Aug 24 01:30:38 UTC 2025
Commit 3 on Sun Aug 24 01:30:38 UTC 2025
Commit 1 on Mon Aug 25 01:30:36 UTC 2025
Commit 2 on Mon Aug 25 01:30:36 UTC 2025
Commit 1 on Tue Aug 26 01:30:27 UTC 2025
Commit 1 on Wed Aug 27 01:30:12 UTC 2025
Commit 2 on Wed Aug 27 01:30:12 UTC 2025
Commit 3 on Wed Aug 27 01:30:12 UTC 2025
Commit 1 on Thu Aug 28 01:30:07 UTC 2025
Commit 2 on Thu Aug 28 01:30:07 UTC 2025
Commit 1 on Fri Aug 29 01:30:14 UTC 2025
Commit 1 on Sat Aug 30 01:29:47 UTC 2025
Commit 2 on Sat Aug 30 01:29:47 UTC 2025
Commit 3 on Sat Aug 30 01:29:47 UTC 2025
Commit 4 on Sat Aug 30 01:29:47 UTC 2025
Commit 1 on Sun Aug 31 01:30:16 UTC 2025
Commit 2 on Sun Aug 31 01:30:16 UTC 2025
Commit 3 on Sun Aug 31 01:30:16 UTC 2025
Commit 4 on Sun Aug 31 01:30:16 UTC 2025
Commit 1 on Mon Sep  1 01:31:11 UTC 2025
Commit 1 on Tue Sep  2 01:30:25 UTC 2025
Commit 1 on Wed Sep  3 01:29:58 UTC 2025
Commit 2 on Wed Sep  3 01:29:58 UTC 2025
Commit 3 on Wed Sep  3 01:29:58 UTC 2025
Commit 4 on Wed Sep  3 01:29:58 UTC 2025
Commit 1 on Thu Sep  4 01:30:00 UTC 2025
Commit 1 on Fri Sep  5 01:30:06 UTC 2025
Commit 2 on Fri Sep  5 01:30:06 UTC 2025
Commit 3 on Fri Sep  5 01:30:06 UTC 2025
Commit 4 on Fri Sep  5 01:30:06 UTC 2025
Commit 1 on Sat Sep  6 01:29:39 UTC 2025
Commit 1 on Sun Sep  7 01:30:09 UTC 2025
Commit 2 on Sun Sep  7 01:30:09 UTC 2025
Commit 1 on Mon Sep  8 01:30:45 UTC 2025
Commit 1 on Tue Sep  9 01:30:13 UTC 2025
Commit 2 on Tue Sep  9 01:30:13 UTC 2025
Commit 3 on Tue Sep  9 01:30:13 UTC 2025
Commit 1 on Wed Sep 10 01:30:34 UTC 2025
Commit 1 on Thu Sep 11 01:30:14 UTC 2025
Commit 1 on Fri Sep 12 01:29:57 UTC 2025
Commit 2 on Fri Sep 12 01:29:57 UTC 2025
Commit 3 on Fri Sep 12 01:29:57 UTC 2025
Commit 4 on Fri Sep 12 01:29:57 UTC 2025
Commit 1 on Sat Sep 13 01:29:37 UTC 2025
Commit 2 on Sat Sep 13 01:29:37 UTC 2025
Commit 3 on Sat Sep 13 01:29:37 UTC 2025
Commit 4 on Sat Sep 13 01:29:37 UTC 2025
Commit 1 on Sun Sep 14 01:30:17 UTC 2025
Commit 2 on Sun Sep 14 01:30:17 UTC 2025
Commit 3 on Sun Sep 14 01:30:17 UTC 2025
Commit 4 on Sun Sep 14 01:30:17 UTC 2025
Commit 5 on Sun Sep 14 01:30:17 UTC 2025
Commit 1 on Mon Sep 15 01:30:22 UTC 2025
Commit 1 on Tue Sep 16 01:30:07 UTC 2025
Commit 2 on Tue Sep 16 01:30:07 UTC 2025
Commit 3 on Tue Sep 16 01:30:07 UTC 2025
Commit 4 on Tue Sep 16 01:30:07 UTC 2025
Commit 5 on Tue Sep 16 01:30:07 UTC 2025
Commit 1 on Wed Sep 17 01:29:55 UTC 2025
Commit 2 on Wed Sep 17 01:29:55 UTC 2025
Commit 3 on Wed Sep 17 01:29:55 UTC 2025
Commit 4 on Wed Sep 17 01:29:55 UTC 2025
Commit 5 on Wed Sep 17 01:29:55 UTC 2025
Commit 1 on Thu Sep 18 01:30:09 UTC 2025
Commit 2 on Thu Sep 18 01:30:09 UTC 2025
Commit 1 on Fri Sep 19 01:30:00 UTC 2025
Commit 2 on Fri Sep 19 01:30:00 UTC 2025
Commit 3 on Fri Sep 19 01:30:00 UTC 2025
Commit 4 on Fri Sep 19 01:30:00 UTC 2025
Commit 1 on Sat Sep 20 01:29:59 UTC 2025
Commit 2 on Sat Sep 20 01:29:59 UTC 2025
Commit 3 on Sat Sep 20 01:29:59 UTC 2025
Commit 4 on Sat Sep 20 01:29:59 UTC 2025
Commit 1 on Sun Sep 21 01:30:37 UTC 2025
Commit 2 on Sun Sep 21 01:30:37 UTC 2025
Commit 3 on Sun Sep 21 01:30:37 UTC 2025
Commit 4 on Sun Sep 21 01:30:37 UTC 2025
Commit 5 on Sun Sep 21 01:30:37 UTC 2025
Commit 1 on Mon Sep 22 01:30:41 UTC 2025
Commit 2 on Mon Sep 22 01:30:41 UTC 2025
Commit 3 on Mon Sep 22 01:30:41 UTC 2025
Commit 4 on Mon Sep 22 01:30:41 UTC 2025
Commit 5 on Mon Sep 22 01:30:41 UTC 2025
Commit 1 on Tue Sep 23 01:30:06 UTC 2025
Commit 2 on Tue Sep 23 01:30:06 UTC 2025
Commit 3 on Tue Sep 23 01:30:06 UTC 2025
Commit 4 on Tue Sep 23 01:30:06 UTC 2025
Commit 1 on Wed Sep 24 01:30:18 UTC 2025
Commit 2 on Wed Sep 24 01:30:18 UTC 2025
Commit 3 on Wed Sep 24 01:30:18 UTC 2025
Commit 1 on Thu Sep 25 01:30:13 UTC 2025
Commit 1 on Fri Sep 26 01:30:03 UTC 2025
Commit 1 on Sat Sep 27 01:29:45 UTC 2025
Commit 2 on Sat Sep 27 01:29:45 UTC 2025
Commit 3 on Sat Sep 27 01:29:45 UTC 2025
Commit 4 on Sat Sep 27 01:29:45 UTC 2025
Commit 5 on Sat Sep 27 01:29:45 UTC 2025
Commit 1 on Sun Sep 28 01:30:24 UTC 2025
Commit 2 on Sun Sep 28 01:30:24 UTC 2025
Commit 3 on Sun Sep 28 01:30:24 UTC 2025
Commit 4 on Sun Sep 28 01:30:24 UTC 2025
Commit 5 on Sun Sep 28 01:30:24 UTC 2025
Commit 1 on Mon Sep 29 01:30:25 UTC 2025
Commit 2 on Mon Sep 29 01:30:25 UTC 2025
Commit 3 on Mon Sep 29 01:30:25 UTC 2025
Commit 1 on Tue Sep 30 01:30:03 UTC 2025
Commit 2 on Tue Sep 30 01:30:03 UTC 2025
Commit 3 on Tue Sep 30 01:30:03 UTC 2025
Commit 4 on Tue Sep 30 01:30:03 UTC 2025
Commit 5 on Tue Sep 30 01:30:03 UTC 2025
Commit 1 on Wed Oct  1 01:30:51 UTC 2025
Commit 2 on Wed Oct  1 01:30:51 UTC 2025
Commit 1 on Thu Oct  2 01:30:02 UTC 2025
Commit 2 on Thu Oct  2 01:30:02 UTC 2025
Commit 3 on Thu Oct  2 01:30:02 UTC 2025
Commit 4 on Thu Oct  2 01:30:02 UTC 2025
Commit 5 on Thu Oct  2 01:30:02 UTC 2025
Commit 1 on Fri Oct  3 01:29:57 UTC 2025
Commit 2 on Fri Oct  3 01:29:57 UTC 2025
Commit 1 on Sat Oct  4 01:29:46 UTC 2025
Commit 1 on Sun Oct  5 01:30:26 UTC 2025
Commit 2 on Sun Oct  5 01:30:26 UTC 2025
Commit 3 on Sun Oct  5 01:30:26 UTC 2025
Commit 4 on Sun Oct  5 01:30:26 UTC 2025
Commit 1 on Mon Oct  6 01:30:15 UTC 2025
Commit 2 on Mon Oct  6 01:30:15 UTC 2025
Commit 1 on Tue Oct  7 01:29:59 UTC 2025
Commit 2 on Tue Oct  7 01:29:59 UTC 2025
Commit 3 on Tue Oct  7 01:29:59 UTC 2025
Commit 1 on Wed Oct  8 01:30:08 UTC 2025
Commit 2 on Wed Oct  8 01:30:08 UTC 2025
Commit 1 on Thu Oct  9 01:30:07 UTC 2025
Commit 2 on Thu Oct  9 01:30:07 UTC 2025
Commit 3 on Thu Oct  9 01:30:07 UTC 2025
Commit 1 on Fri Oct 10 01:30:11 UTC 2025
Commit 2 on Fri Oct 10 01:30:11 UTC 2025
Commit 3 on Fri Oct 10 01:30:11 UTC 2025
Commit 4 on Fri Oct 10 01:30:11 UTC 2025
Commit 1 on Sat Oct 11 01:29:53 UTC 2025
Commit 2 on Sat Oct 11 01:29:53 UTC 2025
Commit 3 on Sat Oct 11 01:29:53 UTC 2025
Commit 4 on Sat Oct 11 01:29:54 UTC 2025
Commit 1 on Sun Oct 12 01:30:24 UTC 2025
Commit 2 on Sun Oct 12 01:30:24 UTC 2025
Commit 3 on Sun Oct 12 01:30:24 UTC 2025
Commit 4 on Sun Oct 12 01:30:24 UTC 2025
Commit 5 on Sun Oct 12 01:30:24 UTC 2025
Commit 1 on Mon Oct 13 01:30:44 UTC 2025
Commit 2 on Mon Oct 13 01:30:44 UTC 2025
Commit 1 on Tue Oct 14 01:30:10 UTC 2025
Commit 1 on Wed Oct 15 01:30:32 UTC 2025
Commit 1 on Thu Oct 16 01:30:28 UTC 2025
Commit 2 on Thu Oct 16 01:30:28 UTC 2025
Commit 1 on Fri Oct 17 01:30:11 UTC 2025
Commit 1 on Sat Oct 18 01:29:55 UTC 2025
Commit 2 on Sat Oct 18 01:29:55 UTC 2025
Commit 3 on Sat Oct 18 01:29:55 UTC 2025
Commit 1 on Sun Oct 19 01:30:55 UTC 2025
Commit 2 on Sun Oct 19 01:30:55 UTC 2025
Commit 3 on Sun Oct 19 01:30:55 UTC 2025
Commit 4 on Sun Oct 19 01:30:55 UTC 2025
Commit 5 on Sun Oct 19 01:30:55 UTC 2025
Commit 1 on Mon Oct 20 01:30:56 UTC 2025
Commit 2 on Mon Oct 20 01:30:56 UTC 2025
Commit 3 on Mon Oct 20 01:30:56 UTC 2025
Commit 4 on Mon Oct 20 01:30:56 UTC 2025
Commit 5 on Mon Oct 20 01:30:56 UTC 2025
Commit 1 on Tue Oct 21 01:30:27 UTC 2025
Commit 2 on Tue Oct 21 01:30:27 UTC 2025
Commit 3 on Tue Oct 21 01:30:27 UTC 2025
Commit 1 on Wed Oct 22 01:30:49 UTC 2025
Commit 2 on Wed Oct 22 01:30:49 UTC 2025
Commit 3 on Wed Oct 22 01:30:49 UTC 2025
Commit 4 on Wed Oct 22 01:30:49 UTC 2025
Commit 5 on Wed Oct 22 01:30:49 UTC 2025
Commit 1 on Thu Oct 23 01:30:27 UTC 2025
Commit 1 on Fri Oct 24 01:30:05 UTC 2025
Commit 2 on Fri Oct 24 01:30:05 UTC 2025
Commit 1 on Sat Oct 25 01:30:13 UTC 2025
Commit 1 on Sun Oct 26 01:30:43 UTC 2025
Commit 1 on Mon Oct 27 01:31:02 UTC 2025
Commit 2 on Mon Oct 27 01:31:02 UTC 2025
Commit 1 on Tue Oct 28 01:30:27 UTC 2025
Commit 2 on Tue Oct 28 01:30:27 UTC 2025
Commit 1 on Wed Oct 29 01:30:42 UTC 2025
Commit 2 on Wed Oct 29 01:30:42 UTC 2025
Commit 3 on Wed Oct 29 01:30:42 UTC 2025
Commit 4 on Wed Oct 29 01:30:42 UTC 2025
Commit 5 on Wed Oct 29 01:30:42 UTC 2025
Commit 1 on Thu Oct 30 01:30:49 UTC 2025
Commit 1 on Fri Oct 31 01:30:41 UTC 2025
Commit 2 on Fri Oct 31 01:30:41 UTC 2025
Commit 3 on Fri Oct 31 01:30:41 UTC 2025
Commit 4 on Fri Oct 31 01:30:41 UTC 2025
Commit 1 on Sat Nov  1 01:30:27 UTC 2025
Commit 2 on Sat Nov  1 01:30:27 UTC 2025
Commit 1 on Sun Nov  2 01:30:44 UTC 2025
Commit 2 on Sun Nov  2 01:30:44 UTC 2025
Commit 3 on Sun Nov  2 01:30:44 UTC 2025
Commit 1 on Mon Nov  3 01:30:54 UTC 2025
Commit 2 on Mon Nov  3 01:30:54 UTC 2025
Commit 3 on Mon Nov  3 01:30:54 UTC 2025
Commit 4 on Mon Nov  3 01:30:54 UTC 2025
Commit 5 on Mon Nov  3 01:30:54 UTC 2025
Commit 1 on Tue Nov  4 01:30:34 UTC 2025
Commit 1 on Wed Nov  5 01:30:40 UTC 2025
Commit 2 on Wed Nov  5 01:30:40 UTC 2025
Commit 3 on Wed Nov  5 01:30:40 UTC 2025
Commit 1 on Thu Nov  6 01:30:38 UTC 2025
Commit 2 on Thu Nov  6 01:30:38 UTC 2025
Commit 1 on Fri Nov  7 01:30:36 UTC 2025
Commit 2 on Fri Nov  7 01:30:36 UTC 2025
Commit 3 on Fri Nov  7 01:30:36 UTC 2025
Commit 1 on Sat Nov  8 01:30:12 UTC 2025
Commit 2 on Sat Nov  8 01:30:12 UTC 2025
Commit 1 on Sun Nov  9 01:30:34 UTC 2025
Commit 2 on Sun Nov  9 01:30:34 UTC 2025
Commit 3 on Sun Nov  9 01:30:34 UTC 2025
Commit 1 on Mon Nov 10 01:31:05 UTC 2025
Commit 2 on Mon Nov 10 01:31:05 UTC 2025
Commit 3 on Mon Nov 10 01:31:05 UTC 2025
Commit 4 on Mon Nov 10 01:31:05 UTC 2025
Commit 5 on Mon Nov 10 01:31:05 UTC 2025
Commit 1 on Tue Nov 11 01:30:54 UTC 2025
Commit 2 on Tue Nov 11 01:30:54 UTC 2025
Commit 1 on Wed Nov 12 01:30:34 UTC 2025
Commit 1 on Thu Nov 13 01:30:44 UTC 2025
Commit 2 on Thu Nov 13 01:30:44 UTC 2025
Commit 3 on Thu Nov 13 01:30:44 UTC 2025
Commit 4 on Thu Nov 13 01:30:44 UTC 2025
Commit 5 on Thu Nov 13 01:30:44 UTC 2025
Commit 1 on Fri Nov 14 01:30:43 UTC 2025
Commit 2 on Fri Nov 14 01:30:43 UTC 2025
Commit 1 on Sat Nov 15 01:30:29 UTC 2025
Commit 2 on Sat Nov 15 01:30:29 UTC 2025
Commit 1 on Sun Nov 16 01:30:43 UTC 2025
Commit 2 on Sun Nov 16 01:30:43 UTC 2025
Commit 1 on Mon Nov 17 01:30:52 UTC 2025
Commit 1 on Tue Nov 18 01:30:38 UTC 2025
Commit 2 on Tue Nov 18 01:30:38 UTC 2025
Commit 1 on Wed Nov 19 01:30:58 UTC 2025
Commit 2 on Wed Nov 19 01:30:58 UTC 2025
Commit 3 on Wed Nov 19 01:30:58 UTC 2025
Commit 4 on Wed Nov 19 01:30:58 UTC 2025
Commit 5 on Wed Nov 19 01:30:59 UTC 2025
Commit 1 on Thu Nov 20 01:31:04 UTC 2025
Commit 2 on Thu Nov 20 01:31:04 UTC 2025
Commit 3 on Thu Nov 20 01:31:04 UTC 2025
Commit 4 on Thu Nov 20 01:31:04 UTC 2025
Commit 5 on Thu Nov 20 01:31:04 UTC 2025
Commit 1 on Fri Nov 21 01:30:38 UTC 2025
Commit 1 on Sat Nov 22 01:30:12 UTC 2025
Commit 2 on Sat Nov 22 01:30:12 UTC 2025
Commit 3 on Sat Nov 22 01:30:12 UTC 2025
Commit 1 on Sun Nov 23 01:31:05 UTC 2025
Commit 1 on Mon Nov 24 01:31:16 UTC 2025
Commit 2 on Mon Nov 24 01:31:16 UTC 2025
Commit 3 on Mon Nov 24 01:31:16 UTC 2025
Commit 4 on Mon Nov 24 01:31:16 UTC 2025
Commit 5 on Mon Nov 24 01:31:16 UTC 2025
Commit 1 on Tue Nov 25 01:30:51 UTC 2025
Commit 2 on Tue Nov 25 01:30:51 UTC 2025
Commit 3 on Tue Nov 25 01:30:51 UTC 2025
Commit 4 on Tue Nov 25 01:30:51 UTC 2025
Commit 1 on Wed Nov 26 01:30:32 UTC 2025
Commit 2 on Wed Nov 26 01:30:32 UTC 2025
Commit 1 on Thu Nov 27 01:30:29 UTC 2025
Commit 2 on Thu Nov 27 01:30:29 UTC 2025
Commit 1 on Fri Nov 28 01:30:41 UTC 2025
Commit 2 on Fri Nov 28 01:30:41 UTC 2025
Commit 1 on Sat Nov 29 01:30:15 UTC 2025
Commit 2 on Sat Nov 29 01:30:16 UTC 2025
Commit 1 on Sun Nov 30 01:31:15 UTC 2025
Commit 1 on Mon Dec  1 01:32:04 UTC 2025
Commit 2 on Mon Dec  1 01:32:04 UTC 2025
Commit 3 on Mon Dec  1 01:32:04 UTC 2025
Commit 1 on Tue Dec  2 01:30:59 UTC 2025
Commit 2 on Tue Dec  2 01:30:59 UTC 2025
Commit 1 on Wed Dec  3 01:30:45 UTC 2025
Commit 2 on Wed Dec  3 01:30:45 UTC 2025
Commit 3 on Wed Dec  3 01:30:45 UTC 2025
Commit 4 on Wed Dec  3 01:30:45 UTC 2025
Commit 5 on Wed Dec  3 01:30:45 UTC 2025
Commit 1 on Thu Dec  4 01:30:58 UTC 2025
Commit 2 on Thu Dec  4 01:30:58 UTC 2025
Commit 3 on Thu Dec  4 01:30:58 UTC 2025
Commit 4 on Thu Dec  4 01:30:58 UTC 2025
Commit 1 on Fri Dec  5 01:30:56 UTC 2025
Commit 2 on Fri Dec  5 01:30:56 UTC 2025
Commit 3 on Fri Dec  5 01:30:56 UTC 2025
Commit 4 on Fri Dec  5 01:30:56 UTC 2025
Commit 5 on Fri Dec  5 01:30:56 UTC 2025
Commit 1 on Sat Dec  6 01:30:23 UTC 2025
Commit 2 on Sat Dec  6 01:30:23 UTC 2025
Commit 3 on Sat Dec  6 01:30:23 UTC 2025
Commit 1 on Sun Dec  7 01:31:06 UTC 2025
Commit 2 on Sun Dec  7 01:31:06 UTC 2025
Commit 3 on Sun Dec  7 01:31:06 UTC 2025
Commit 4 on Sun Dec  7 01:31:06 UTC 2025
Commit 1 on Mon Dec  8 01:31:02 UTC 2025
Commit 2 on Mon Dec  8 01:31:02 UTC 2025
Commit 3 on Mon Dec  8 01:31:02 UTC 2025
Commit 1 on Tue Dec  9 01:30:53 UTC 2025
Commit 2 on Tue Dec  9 01:30:53 UTC 2025
Commit 3 on Tue Dec  9 01:30:53 UTC 2025
Commit 4 on Tue Dec  9 01:30:53 UTC 2025
Commit 1 on Wed Dec 10 01:31:13 UTC 2025
Commit 1 on Thu Dec 11 01:31:08 UTC 2025
Commit 1 on Fri Dec 12 01:31:01 UTC 2025
Commit 2 on Fri Dec 12 01:31:01 UTC 2025
Commit 3 on Fri Dec 12 01:31:01 UTC 2025
Commit 1 on Sat Dec 13 01:30:49 UTC 2025
Commit 2 on Sat Dec 13 01:30:49 UTC 2025
Commit 3 on Sat Dec 13 01:30:49 UTC 2025
Commit 1 on Sun Dec 14 01:31:03 UTC 2025
Commit 2 on Sun Dec 14 01:31:03 UTC 2025
Commit 1 on Mon Dec 15 01:31:38 UTC 2025
Commit 2 on Mon Dec 15 01:31:38 UTC 2025
Commit 3 on Mon Dec 15 01:31:38 UTC 2025
Commit 4 on Mon Dec 15 01:31:38 UTC 2025
Commit 5 on Mon Dec 15 01:31:38 UTC 2025
Commit 1 on Tue Dec 16 01:31:15 UTC 2025
Commit 2 on Tue Dec 16 01:31:15 UTC 2025
Commit 1 on Wed Dec 17 01:31:24 UTC 2025
Commit 2 on Wed Dec 17 01:31:24 UTC 2025
Commit 3 on Wed Dec 17 01:31:24 UTC 2025
Commit 1 on Thu Dec 18 01:30:54 UTC 2025
Commit 2 on Thu Dec 18 01:30:54 UTC 2025
Commit 1 on Fri Dec 19 01:31:04 UTC 2025
Commit 2 on Fri Dec 19 01:31:04 UTC 2025
Commit 3 on Fri Dec 19 01:31:04 UTC 2025
Commit 4 on Fri Dec 19 01:31:04 UTC 2025
Commit 5 on Fri Dec 19 01:31:04 UTC 2025
Commit 1 on Sat Dec 20 01:30:20 UTC 2025
Commit 2 on Sat Dec 20 01:30:20 UTC 2025
Commit 3 on Sat Dec 20 01:30:20 UTC 2025
Commit 4 on Sat Dec 20 01:30:20 UTC 2025
Commit 5 on Sat Dec 20 01:30:21 UTC 2025
Commit 1 on Sun Dec 21 01:31:24 UTC 2025
Commit 1 on Mon Dec 22 01:31:24 UTC 2025
Commit 2 on Mon Dec 22 01:31:24 UTC 2025
Commit 3 on Mon Dec 22 01:31:24 UTC 2025
Commit 4 on Mon Dec 22 01:31:24 UTC 2025
Commit 5 on Mon Dec 22 01:31:24 UTC 2025
Commit 1 on Tue Dec 23 01:31:11 UTC 2025
Commit 2 on Tue Dec 23 01:31:11 UTC 2025
Commit 1 on Wed Dec 24 01:31:05 UTC 2025
Commit 2 on Wed Dec 24 01:31:05 UTC 2025
Commit 3 on Wed Dec 24 01:31:05 UTC 2025
Commit 4 on Wed Dec 24 01:31:05 UTC 2025
Commit 1 on Thu Dec 25 01:31:23 UTC 2025
Commit 2 on Thu Dec 25 01:31:23 UTC 2025
Commit 3 on Thu Dec 25 01:31:23 UTC 2025
Commit 4 on Thu Dec 25 01:31:23 UTC 2025
Commit 1 on Fri Dec 26 01:31:02 UTC 2025
Commit 1 on Sat Dec 27 01:30:51 UTC 2025
Commit 2 on Sat Dec 27 01:30:51 UTC 2025
Commit 3 on Sat Dec 27 01:30:51 UTC 2025
Commit 4 on Sat Dec 27 01:30:52 UTC 2025
Commit 5 on Sat Dec 27 01:30:52 UTC 2025
Commit 1 on Sun Dec 28 01:31:48 UTC 2025
Commit 2 on Sun Dec 28 01:31:48 UTC 2025
Commit 3 on Sun Dec 28 01:31:48 UTC 2025
Commit 4 on Sun Dec 28 01:31:48 UTC 2025
Commit 1 on Mon Dec 29 01:31:43 UTC 2025
Commit 2 on Mon Dec 29 01:31:43 UTC 2025
Commit 3 on Mon Dec 29 01:31:43 UTC 2025
Commit 1 on Tue Dec 30 01:31:23 UTC 2025
Commit 2 on Tue Dec 30 01:31:23 UTC 2025
Commit 3 on Tue Dec 30 01:31:23 UTC 2025
Commit 4 on Tue Dec 30 01:31:23 UTC 2025
Commit 5 on Tue Dec 30 01:31:23 UTC 2025
Commit 1 on Wed Dec 31 01:31:21 UTC 2025
Commit 2 on Wed Dec 31 01:31:21 UTC 2025
Commit 3 on Wed Dec 31 01:31:21 UTC 2025
Commit 1 on Thu Jan  1 01:32:24 UTC 2026
Commit 2 on Thu Jan  1 01:32:24 UTC 2026
Commit 1 on Fri Jan  2 01:31:25 UTC 2026
Commit 2 on Fri Jan  2 01:31:25 UTC 2026
Commit 1 on Sat Jan  3 01:30:50 UTC 2026
Commit 2 on Sat Jan  3 01:30:50 UTC 2026
Commit 1 on Sun Jan  4 01:31:51 UTC 2026
Commit 2 on Sun Jan  4 01:31:51 UTC 2026
Commit 3 on Sun Jan  4 01:31:51 UTC 2026
Commit 1 on Mon Jan  5 01:32:21 UTC 2026
Commit 2 on Mon Jan  5 01:32:21 UTC 2026
Commit 3 on Mon Jan  5 01:32:21 UTC 2026
Commit 4 on Mon Jan  5 01:32:21 UTC 2026
Commit 5 on Mon Jan  5 01:32:21 UTC 2026
Commit 1 on Tue Jan  6 01:31:28 UTC 2026
Commit 2 on Tue Jan  6 01:31:28 UTC 2026
Commit 3 on Tue Jan  6 01:31:28 UTC 2026
Commit 1 on Wed Jan  7 01:31:22 UTC 2026
Commit 2 on Wed Jan  7 01:31:22 UTC 2026
Commit 3 on Wed Jan  7 01:31:22 UTC 2026
Commit 1 on Thu Jan  8 01:31:15 UTC 2026
